lat,lon,server
40,-4,nginx
29.6997,-95.5858,Boa/0.94.14rc21
42.3646,-71.1028,CradlepointHTTPService/1.0.0
39,22,nginx/1.12.2
42.3646,-71.1028,nginx/1.18.0
37.57,126.98,GoAhead-Webs
35.8703,128.5911,Web server
38,-97,webserver/1.0
39.9289,116.3883,Microsoft-IIS/7.5
34.0438,-118.2512,Apache
35.1928,128.0847,WebServer
49.2328,28.481,linux
40,-4,Httpd
37.5985,126.9783,NWS_TCloud_download
41.1271,-73.4416,squid/3.5.12
40.7042,-3.1232,openresty
51.5,-0.129999999999995,micro_httpd
39.8161,109.9776,http server 1.0
35.69,139.69,nginx
37.57,126.98,squid/3.1.9
52,20,lighttpd/1.4.28
23.1167,113.25,lighttpd/1.4.37
35,105,openresty
34.1359,-117.1553,SY8045
42.3646,-71.1028,GoAhead-Webs
49,32,netis/1.0.1
52.0186,4.37819999999999,Apache
52.35,4.91669999999999,Apache
37.57,126.98,squid/3.1.23
37.57,126.98,NWS_QQDL
48.4278,-123.3574,iboss cloud
23.1167,113.25,squid/3.1.23
38,-97,DNVRS-Webs
29.6237,-95.6322,NET-DK/1.0
37.57,126.98,squid/3.1.23
23.5,121,nginx/1.10.3 (Ubuntu)
47.6689,-117.4369,cloudflare
30.2143,-90.9402,openresty
42.3016,-83.0307,******
37.57,126.98,nginx
38,-97,nginx/1.21.2
34.0438,-118.2512,Microsoft-IIS/7.5
47.7904,-99.7938,Zscaler proxy
59.8667,17.6333,webs
37.57,126.98,VCLOUD_OC_ACCESS
42.38,-71.1329,http server 1.0
38.2542,-85.7594,CradlepointHTTPService/1.0.0
35,105,
42.2734,-83.7133,nginx/1.6.2
41.1412,-73.2637,Boa/0.94.14rc21
51.5,-0.129999999999995,squid/3.5.12
32.9672,-117.2586,nginx/1.18.0
37.57,126.98,Apache
42.2734,-83.7133,squid/3.1.23
40.5525,-74.2915,Apache
37.5985,126.9783,squid/3.1.23
37.57,126.98,SimpleHTTP/0.6 Python/2.7.18
41.1271,-73.4416,Router Webserver
37.57,126.98,WebServer
36.6683,116.9972,Coruscant
37.57,126.98,webserver
34.6836,113.5325,squid/3.5.12
34.0438,-118.2512,squid/3.1.23
35,105,Tengine
37.5985,126.9783,Interface V11
41.1271,-73.4416,LANCOM 1781A 8.60.0189 / 02.04.2012
51.5,-0.129999999999995,WebServer
39.9289,116.3883,Microsoft-IIS/8.0
42.7526,-73.7804,Embedthis-http
-34.1045,18.4683,Apache/2.4.18 (Ubuntu)
-22.9,-43.2333,lighttpd/1.4.35
20,77,Netgem/8.4.21-43 (httpserver)
37.57,126.98,CradlepointHTTPService/1.0.0
45.399,-75.7304,nginx
41.8333,22,Intoto Http Server v1.0
33.6748,-111.9519,squid/3.5.20
37.57,126.98,Router Webserver
-27,133,httpd/2.0
37.7697,-122.3933,Apache/2.2.6 (Unix) PHP/5.2.0
37.3394,-121.895,Application/debug ktor/debug
44,21,squid/3.5.12
52.5,5.75,kngx/1.10.2
37.1834,-113.5999,DNVRS-Webs
50.0833,14.4667,Lego Server
37.5985,126.9783,Microsoft-IIS/8.5
52.35,4.91669999999999,Boa/0.94.14rc21
35.69,139.69,squid/3.5.12
37.5985,126.9783,Goahead/2.5.0 PeerSec-MatrixSSL/3.2.1-OPEN
38.864,-77.1922,squid/3.1.23
31.78,35.23,Jetty(6.1.x)
38,-97,nginx/1.18.0
37.57,126.98,Apache Coyote/1.0
42.6849,-73.8318,squid/3.1.23
-29,24,http server 1.0
37.57,126.98,cloudflare
37.57,126.98,Apache/2.2.9 (Unix) PHP/5.3.1
35.69,139.69,Apache
23.1167,113.25,Httpd/1.0
37.57,126.98,awselb/2.0
47.4815,8.203,WebServer
-10,-55,webserver
39.9289,116.3883,Lego Server
29.6997,-95.5858,Microsoft-IIS/6.0
37.57,126.98,micro_httpd
42.8333,12.8333,squid/3.5.12
38,-97,Crossbar/19.10.1
58.75,17,lighttpd/1.4.19
35.685,139.7514,Apache
29.6997,-95.5858,Cross Web Server
47.8,9.16669999999999,Apache
49.75,15.5,squid/3.1.23
50.7967,-1.08330000000001,squid/3.1.23
35.8703,128.5911,Boa/0.94.13
37.57,126.98,squid/3.1.23
37.57,126.98,webcamXP 5
37.57,126.98,Jetty(9.4.24.v20191120)
37.5985,126.9783,Streamd
60,100,Tengine
34.0438,-118.2512,nginx
41.3774,-104.7639,Apache/2.4.46 (Unix)
42.2734,-83.7133,squid/3.1.23
42.2734,-83.7133,Apache/2.2.17 (Win32) PHP/5.3.5
35.69,139.69,Boa/0.94.14rc21
52,20,CDN_NWS
29.6997,-95.5858,GoAhead-Webs
43,25,Apache/2.4.6 (CentOS) OpenSSL/1.0.2k-fips PHP/5.4.16
-25.7259,28.3137,WebServer/1.0 UPnP/1.0
41.1412,-73.2637,openresty
46,25,micro_httpd
37.5985,126.9783,Apache-Coyote/1.1
37.57,126.98,webs
37.5985,126.9783,Zscaler proxy
42.8333,12.8333,CradlepointHTTPService/1.0.0
55.7,13.1833,Apache
51,9,micro_httpd
59.8944,30.2642,NWS_VCLOUD_BIGSTORAGE
51,9,Boa/0.94.14rc21
29.6997,-95.5858,NWS_AP
38,-97,Apache-Coyote/1.1
-34.1045,18.4683,httpd/2.0
23.1167,113.25,NWS_QQDL
37.57,126.98,Apache-Coyote/1.1
37.57,126.98,GoAhead-Webs
42.4072,-76.5159,httpd/2.0
45.6403,0.755099999999999,Zscaler proxy
51,9,micro_httpd
37.57,126.98,Apache
39.7795,-86.1328,micro_httpd
37.57,126.98,Keil-EWEB/2.1
42.3646,-71.1028,Apache
37.57,126.98,elb
29.6997,-95.5858,dcs-lig-httpd
51,9,squid/3.3.8
37.57,126.98,Apache
60,100,nginx/1.18.0
42.2734,-83.7133,cloudflare
37.5985,126.9783,Boa/0.94.14rc21
35.69,139.69,kngx/1.10.2
37.57,126.98,Allegro-Software-RomPager/5.40
-10,-55,squid/3.1.23
37.57,126.98,Apache
64,26,Web Server
29.6997,-95.5858,GoAhead-Webs
37.5985,126.9783,squid/3.1.23
38,-97,micro_httpd
38,-97,Apache
41.538,-96.1944,nginx/1.18.0
37.5985,126.9783,Zscaler proxy
37.5985,126.9783,http server 1.0
37.57,126.98,Apache-Coyote/1.1
22.25,114.1667,Jetty(6.1.x)
12.9833,77.5833,nginx/1.10.3
47.6319,-122.2968,http server 1.0
37.5155,-121.8962,nginx
21.0333,105.85,Apache
37.57,126.98,Netwave IP Camera
40,-4,GoAhead-Webs
37.57,126.98,Realtron WebServer 1.1
29.6997,-95.5858,CDN_NWS
29.6997,-95.5858,CradlepointHTTPService/1.0.0
52.35,4.91669999999999,micro_httpd
37.57,126.98,Apache/2.2.15 (CentOS)
-39.8,-73.2333,Boa/0.94.14rc21
-10,-55,squid/3.1.23
35,105,yealink embed httpd
37.57,126.98,http server 1.0
37.4906,127.02,elb
37.57,126.98,HTTP Server
37.57,126.98,Apache/2.4.38 (Debian)
39,35,squid/3.5.12
-23.4733,-46.6658,Jetty(9.2.13.v20150730)
40,-4,
35,105,http server 1.0
-10,-55,Microsoft-IIS/7.5
29.6997,-95.5858,Jetty(9.4.9.v20180320)
37.57,126.98,Apache
51.5,-0.129999999999995,NWS_VCLOUD_BIGSTORAGE
50.8333,4,nginx
37.57,126.98,App-webs/
46.3067,-94.1008,nginx/1.14.0 (Ubuntu)
-34.1045,18.4683,Boa/0.94.14rc21
43.88,125.3228,Linux/2.x UPnP/1.0 Avtech/1.0
37.57,126.98,httpd/2.0
29.6997,-95.5858,nginx/1.18.0
41.1412,-73.2637,netis/1.0.1
37.57,126.98,GoAhead-Webs
35.0757,-106.6406,squid/3.1.23
50.2584,19.0275,HTTP Server
-34.1045,18.4683,micro_httpd
37.57,126.98,apache
37.5985,126.9783,Tengine
37.57,126.98,squid/3.5.12
42.3626,-71.0843,squid/2.5.STABLE12
37.5985,126.9783,httpd/2.0
50.65,13.2833,Boa/0.94.14rc21
42.2734,-83.7133,Apache
32.0942,34.9458,Router Webserver
37.9833,23.7333,openresty/1.9.3.1
51,9,Jetty(9.4.41.v20210516)
45.4667,9.19999999999999,Microsoft-IIS/10.0
37.57,126.98,openresty
38,-97,localhost
29.6997,-95.5858,cloudflare
35.685,139.7514,Apache/2.2.34 (Unix) mod_ssl/2.2.34 OpenSSL/1.0.2o mod_fastcgi/2.4.6
37.57,126.98,
-39.8,-73.2333,micro_httpd
39.5645,-75.597,Apache
29.6997,-95.5858,ESF
52,20,WebServer
47.9785,-1.71680000000001,nginx
35.69,139.69,nginx
32.0617,118.7778,nginx/1.8.1
30.6667,104.0667,lighttpd/1.4.39
37.57,126.98,WebServer2
45.7046,-123.8618,Apache/2.2.25 (Win32) mod_ssl/2.2.25 OpenSSL/0.9.8y PHP/5.2.17
37.57,126.98,squid/3.1.23
37.57,126.98,sky_router
42.2734,-83.7133,GoAhead-Webs
37.6528,-101.316,Boa/0.94.14rc21
49,32,squid/3.1.23
37.57,126.98,netis/1.0.1
29.6997,-95.5858,GoAhead-Webs
60,100,Boa/0.94.14rc20
31.5,34.75,httpd
35.69,139.69,http server 1.0
60,100,squid/3.1.23
52.3107,4.8768,Apache-Coyote/1.1
51.5,-0.129999999999995,cloudflare
37.57,126.98,httpd/2.0
35.69,139.69,Apache-Coyote/1.1
-34.1045,18.4683,Xfinity Broadband Router Server
-34.1045,18.4683,awselb/2.0
21.0333,105.85,squid/3.1.23
-10,-55,dcs-lig-httpd
37.5985,126.9783,lighttpd/1.4.35
-34.1045,18.4683,Microsoft-IIS/10.0
37.5985,126.9783,Apache/2.4.12 (Win64) OpenSSL/1.0.1m PHP/5.6.8
38,-97,Jetty(10.0.3)
39.9289,116.3883,openresty
-34.8581,-56.1708,Apache-Coyote/1.1
41.1412,-73.2637,Apache/2.4.7 (Ubuntu)
37.57,126.98,Apache-Coyote/1.1
45.399,-75.7304,GoAhead-Webs
37.57,126.98,nginx
37.57,126.98,Microsoft-IIS/5.1
37.57,126.98,Boa/0.94.14rc21
40.5525,-74.2915,httpd
37.57,126.98,Microsoft-IIS/10.0
37.57,126.98,micro_httpd
52.5,5.75,Apache
37.57,126.98,squid/3.1.23
51.5,-0.129999999999995,nginx/1.4.6 (Ubuntu)
19.43,-99.13,Apache
52,20,Microsoft-IIS/10.0
37.57,126.98,WebServer
36.6683,116.9972,Cross Web Server
34.2287,-118.4441,uc-httpd 1.0.0
-10,-55,httpd/2.0
37.5985,126.9783,DPS/1.11.6
37.5985,126.9783,Microsoft-IIS/7.5
49.75,15.5,squid/3.1.23
37.57,126.98,netis/1.0.1
37.57,126.98,squid/3.1.9
37.57,126.98,DNVRS-Webs
37.57,126.98,Microsoft-IIS/7.5
32,53,Microsoft-IIS/6.0
47,8,Boa/0.94.14rc21
39,22,tinyproxy/1.8.2
50.8,5.19999999999999,Jetty(9.4.27.v20200227)
41.8529,-71.4723,nginx
29.6997,-95.5858,lighttpd/1.4.55
37.57,126.98,Server
39.162,-84.4569,Apache-Coyote/1.1
51.9322,4.39269999999999,squid/3.5.20
38.9311,-77.3489,Werkzeug/0.16.0 Python/3.6.9
37.5985,126.9783,Apache
37.57,126.98,Boa/0.94.14rc21
42.8333,12.8333,Microsoft-IIS/10.0
48.86,2.34999999999999,Apache-Coyote/1.1
38,-97,micro_httpd
38,-97,Microsoft-IIS/7.5
34.9167,33.6292,Apache-Coyote/1.1
30.1948,-91.0084,squid/3.1.9
37.57,126.98,Apache/2.4.41 (Ubuntu) PHP/5.3.29
37.5985,126.9783,squid/3.1.9
30.2936,120.1614,Jetty(9.4.43.v20210629)
35.8703,128.5911,Apache/2.4.27 (Unix) OpenSSL/1.0.1e-fips
35,105,Zscaler proxy
37.57,126.98,VB
-10,-55,Microsoft-HTTPAPI/2.0
49.4216,26.9965,awselb/2.0
37.5985,126.9783,netis/1.0.1
34.6836,113.5325,squid/3.1.19
37.57,126.98,openresty
37.57,126.98,http server 1.0
32.2942,-64.7839,Mbedthis-AppWeb/2.0.4
29.6997,-95.5858,squid/3.5.12
37.5985,126.9783,Apache-Coyote/1.1
29.6997,-95.5858,Microsoft-IIS/8.5
32.8731,-96.7459,Apache/2.4.16 (Fedora) OpenSSL/1.0.1k-fips PHP/5.6.6
43.286,-77.6843,Router Webserver
34.9104,-82.123,squid/3.1.23
39.7847,-99.3117,squid/3.1.23
35.685,139.7514,Apache
43.126,-94.9046,awselb/2.0
42.8333,12.8333,kngx/1.10.2
37.57,126.98,Apache/2.2.3 (Red Hat)
35.685,139.7514,Apache
22.5333,114.1333,Chunjs/Server
34.6167,135.6,Microsoft-HTTPAPI/2.0
37.57,126.98,squid/4.13
37.57,126.98,DNVRS-Webs
37.57,126.98,Httpd/1.0
30.3304,-81.6516,lighttpd/1.4.31
37.57,126.98,nginx
35.685,139.7514,Microsoft-IIS/7.5
47.3707,-120.3593,nginx/1.18.0
37.4625,-122.2405,lighttpd/1.4.35
42.38,-71.1329,Apache-Coyote/1.1
37.57,126.98,http server 1.0
39.9289,116.3883,SonicWALL
30.2936,120.1614,http server 1.0
37.57,126.98,squid/3.5.12
37.57,126.98,Boa/0.94.14rc21
25.0392,121.525,Lego Server
37.5985,126.9783,web
29.6997,-95.5858,netis/1.0.1
41.8745,-87.6503,Apache/2.4.48 (Debian)
28.0381,-80.6115,tinyproxy/1.8.2
49.75,15.5,Apache
41.1412,-73.2637,gunicorn/20.0.4
43,25,squid/3.1.23
-25.7259,28.3137,kngx/1.10.2
37.6775,-113.0619,nginx/1.18.0
29.6997,-95.5858,Apache/2.4.46 (FreeBSD)
39.9289,116.3883,mini_httpd/1.19 19dec2003
37.57,126.98,Lego Server
34.0438,-118.2512,squid/3.5.12
37.57,126.98,dcs-lig-httpd
37.57,126.98,kngx/1.10.2
34.9104,-82.123,Server Version 11.0
35.685,139.7514,JDCloudStarshield
-18.9667,32.6667,squid/3.1.23
41.7922,123.4328,micro_httpd
59.8944,30.2642,Apache-Coyote/1.1
39.9117,32.8403,Intoto Http Server v1.0
48.86,2.34999999999999,PRTG/16.2.24.3792
37.57,126.98,nginx
37.57,126.98,gunicorn/20.0.4
-39.8,-73.2333,cdn
37.57,126.98,http server 1.0
39.9289,116.3883,GlassFish Server Open Source Edition 3.1.2.2
60,100,lighttpd/1.4.52
60,100,squid/3.1.23
37.57,126.98,http server 1.0
50.75,4.34999999999999,nginx
37.57,126.98,squid/3.1.23
38,-97,Boa/0.94.14rc21
3.43719999999999,-76.5225,micro_httpd
35,105,Router Webserver
37.5985,126.9783,nginx/1.18.0
37.5985,126.9783,nginx/1.14.0 (Ubuntu)
41.1412,-73.2637,Boa/0.94.14rc21
23.1167,113.25,Apache
37.57,126.98,nginx
38,-97,DasanNetwork Solution
51.5,-0.129999999999995,Jetty(9.4.41.v20210516)
30.2143,-90.9402,Web Server
30.6667,104.0667,WebServer
37.5985,126.9783,SuperSign
37.57,126.98,Tengine
37.57,126.98,nginx/1.20.1
39.9289,116.3883,Jetty(9.4.39.v20210325)
41.1412,-73.2637,nginx/1.18.0
37.57,126.98,Apache/2.2.15 (CentOS)
23.5,121,Microsoft-HTTPAPI/2.0
37.57,126.98,Zscaler proxy
47.6319,-122.2968,Apache
37.57,126.98,Http Server
42.658,-83.1843,Apache-Coyote/1.1
42.8333,12.8333,cloudflare
52.5,5.75,Apache
34.6836,113.5325,http server 1.0
59.25,18.1167,VCS-VideoJet-Webserver
48.0833,7.36670000000001,httpd/2.0
37.8091,-122.2702,nginx/1.17.5
38,-97,VivaDesigner Server
37.57,126.98,Zixi Internal Web Server
29.6997,-95.5858,Jetty(9.4.42.v20210604)
42.2734,-83.7133,Router Webserver
-37.0167,143.4,
60,-95,Apache
-10,-55,mini_httpd/1.19 19dec2003
29.6997,-95.5858,Boa/0.94.14rc21
37.57,126.98,squid/3.5.12
37.57,126.98,micro_httpd
56,10,squid/3.1.23
29.6997,-95.5858,Apache
37.57,126.98,nginx
42.6644,-83.2303,nginx/1.21.1
38,-97,WebServer
37.57,126.98,GoAhead-Webs
52.5,5.75,Boa/0.94.14rc21
37.57,126.98,micro_httpd
37.57,126.98,
37.57,126.98,Microsoft-IIS/7.5
35,105,Apache
27,30,WebServer
21.0333,105.85,nginx
47.6344,-122.3422,DNVRS-Webs
37.57,126.98,Boa/0.94.14rc21
49.75,15.5,Apache
40.029,-83.0809,squid/3.5.12
37.57,126.98,nginx
-39.8,-73.2333,uhttpd/1.0.0
37.57,126.98,nginx/1.13.8
-10,-55,squid/3.5.12
20,77,Apache-Coyote/1.1
22.2833,114.15,nginx
37.57,126.98,Lego Server
37.57,126.98,Apache-Coyote/1.1
55.7522,37.6156,kngx/1.10.2
49,32,squid/4.6
49.75,15.5,Apache/2.4.46 (Unix) OpenSSL/1.1.1d PHP/7.3.27
37.5985,126.9783,micro_httpd
37.57,126.98,Microsoft-IIS/6.0
30.5801,114.2734,Microsoft-IIS/10.0
35,105,DVRDVS-Webs
27.8428,-82.7955,cloudflare
38,-97,ZTE web server 1.0 ZTE corp 2015.
57,25,gws
45.399,-75.7304,netis/1.0.1
43.7122,-79.3237,HTTP Server
-34.1045,18.4683,nginx
59.3333,18.05,Apache-Coyote/1.1
39.2966,-76.6073,kngx/1.10.2
39.9289,116.3883,Apache-Coyote/1.1
37.57,126.98,http server 1.0
45.399,-75.7304,Apache/2.4.9 (Win64) PHP/7.2.6
29.6997,-95.5858,uhttpd/1.0.0
37.57,126.98,NWS_Oversea_qdownload
49,32,httpd
37.57,126.98,http server 1.0
0.315599999999989,32.5656,Apache-Coyote/1.1
52.5167,13.4,Webs
25.0392,121.525,webs
51.5,-0.129999999999995,nginx/1.18.0
46.5081,-114.1057,squid/3.5.12
37.57,126.98,lighttpd/1.4.39
37.57,126.98,GoAhead-Webs
37.57,126.98,Apache/2.4.41 (Ubuntu) PHP/7.0.33
37.57,126.98,Microsoft-HTTPAPI/2.0
37.57,126.98,http server 1.0
34.0438,-118.2512,cloudflare
45.399,-75.7304,nginx/1.6.2
42.2734,-83.7133,nginx
43.6619,-79.3952,nginx
43,25,nginx
51.3982,-0.198399999999992,DNVRS-Webs
40.6592,-80.3247,Microsoft-IIS/10.0
35,105,uhttpd/1.0.0
37.57,126.98,Apache
37.57,126.98,MinIO Console
62,15,Apache
-39.8,-73.2333,Apache-Coyote/1.1
37.5985,126.9783,tinyproxy/1.8.2
52.0186,4.37819999999999,micro_httpd
-4.58330000000001,55.6667,WebServer
51.5,-0.129999999999995,GoAhead-Webs
-27,133,squid/3.5.12
40,-4,VB
48.127,11.3665,SonicWALL
42.8154,-96.4837,Apache-Coyote/1.1
37.5985,126.9783,GoAhead-Webs
38,-97,nginx
-27,133,cloudflare
36.6683,116.9972,squid/3.5.12
42.2734,-83.7133,micro_httpd
37.57,126.98,
42.3646,-71.1028,lighttpd/1.4.35
39.9289,116.3883,Microsoft-IIS/8.5
42.3646,-71.1028,Apache
39.5645,-75.597,httpd
29.6997,-95.5858,WebServer
37.57,126.98,squid/3.1.23
37.57,126.98,micro_httpd
37.57,126.98,alphapd/2.1.8
37.57,126.98,Apache-Coyote/1.1
37.57,126.98,GoAhead-Webs
37.57,126.98,NWS_TCloud_static_dsmsoc2
49.75,15.5,Apache-Coyote/1.1
47.5,19.0833,Microsoft-IIS/10.0
25.0392,121.525,squid/3.1.23
37.5985,126.9783,micro_httpd
35.69,139.69,squid/3.5.12
-34.1045,18.4683,Boa/0.94.14rc21
52.25,-0.883299999999991,kngx/1.10.2
37.57,126.98,lighttpd/1.4.20
40,-4,WebServer
-10,-55,Cross Web Server
33.4223,-111.8226,GoAhead-Webs
37.57,126.98,Apache/2.2.25 (Unix) mod_ssl/2.2.25 OpenSSL/0.9.8e-fips-rhel5
-34.1045,18.4683,httpd/2.0
37.5985,126.9783,http server 1.0
35.69,139.69,Hikvision-Webs
48.86,2.34999999999999,netis/1.0.1
44.95,26.0167,YouTrack
20,77,nginx/1.18.0
39.8741,-74.809,Virata-EmWeb/R6_0_1
39.5743,2.65520000000001,Apache
37.57,126.98,Apache-Coyote/1.1
41.8745,-87.6503,Jetty(9.4.33.v20201020)
40,-4,Microsoft-IIS/10.0
40.6761,-74.573,WebServer
39.9289,116.3883,micro_httpd
-27,133,Apache-Coyote/1.1
42.8333,12.8333,Webs
39.5645,-75.597,Boa/0.94.14rc21
45.399,-75.7304,Apache
37.57,126.98,httpd
38,-97,http server 1.0
43,25,Router Webserver
-1.2833,36.8167,Apache/2.4.35 (Win64) OpenSSL/1.1.1b PHP/7.2.19
41.1412,-73.2637,squid/3.1.23
47,8,CradlepointHTTPService/1.0.0
42.403,-71.259,IVu Mgt Tool
37.57,126.98,Boa/0.94.14rc21
1,38,httpd/2.0
35.5403,139.4508,Apache
29.6997,-95.5858,squid/3.5.27
37.57,126.98,Microsoft-HTTPAPI/2.0
29.6997,-95.5858,Windows-Azure-Blob/1.0 Microsoft-HTTPAPI/2.0
37.3394,-121.895,alphapd/2.1.8
35.685,139.7514,Apache/2.2.25 (Unix) mod_ssl/2.2.25 OpenSSL/0.9.8e-fips-rhel5
37.57,126.98,squid/3.1.23
29.6997,-95.5858,Boa/0.94.14rc21
60,100,squid/3.5.28
38.9234,-121.0705,Apache
35,105,Webs
48.86,2.34999999999999,Xfinity Broadband Router Server
29.6997,-95.5858,Jetty(9.4.z-SNAPSHOT)
25.0392,121.525,nginx/1.17.9
51.5142,-0.093099999999993,Apache/2.4.41 (Ubuntu) PHP/5.3.29
37.57,126.98,squid/3.1.9
39.5645,-75.597,Microsoft-IIS/8.0
22.25,114.1667,webfs/1.21
29.6997,-95.5858,nginx/1.18.0
-34,-64,Apache-Coyote/1.1
49,32,httpd
51.5,-0.129999999999995,NWS_VCLOUD_V4
37.57,126.98,nginx/1.15.8
35.685,139.7514,Apache-Coyote/1.1
37.57,126.98,nginx
8,-66,squid/3.1.23
37.57,126.98,Apache-Coyote/1.1
39.5645,-75.597,Caddy
51,9,Apache
38,-97,squid/3.1.23
55.7522,37.6156,httpd
33.714,-117.87,SonicWALL
42.2711,-89.094,Apache-Coyote/1.1
48.86,2.34999999999999,Boa/0.93.15
37.5985,126.9783,Webs
52.5,5.75,squid/3.1.9
38.0833,23.7,Aterm(HT)/1.0.0
37.57,126.98,squid/3.1.9
49.4733,17.1135,squid/3.5.28
62,10,Router Webserver
40.5525,-74.2915,Jetty(9.4.z-SNAPSHOT)
27,30,awselb/2.0
45.8,24.15,lighttpd
37.57,126.98,squid/3.1.23
29.6997,-95.5858,Caddy
42.8333,12.8333,iboss cloud
47.8561,-122.2829,nginx
38,-97,http server 1.0
36.5406,-82.1757,squid/3.5.12
31.6743,-96.9588,iboss cloud
41.1412,-73.2637,nginx/1.8.1
29.6997,-95.5858,micro_httpd
37.57,126.98,Boa/0.94.14rc21
37.57,126.98,alphapd/2.1.8
19.43,-99.13,nginx
-34.1045,18.4683,lighttpd/1.4.32
37.57,126.98,Hydra/0.1.8
37.57,126.98,netis/1.0.1
34.0533,-118.2549,HTTP Server
42.8333,12.8333,Apache-Coyote/1.1
37.4385,-89.6334,squid/3.1.23
30.6667,104.0667,micro_httpd
29.6997,-95.5858,cloudflare
49,32,Microsoft-HTTPAPI/2.0
64.136,-21.9203,kngx/1.10.2
37.57,126.98,squid/3.5.12
42.2734,-83.7133,Apache/0.6.5
60,100,Apache
-33.45,-70.6667,Kestrel
29.6997,-95.5858,nginx
37.57,126.98,box
37.5985,126.9783,LiteSpeed
30.2672,-97.7431,nginx
56,24,Virtual Web 0.9
39.0335,-77.4838,Apache/2.4.10 (Debian)
25.0392,121.525,Apache
37.5985,126.9783,Webs
22.25,114.1667,IVu Mgt Tool
35.69,139.69,httpd
40.6522,109.8222,
37.5985,126.9783,mini_httpd/1.19 19dec2003
51.5,-0.129999999999995,WAF
51.5,-0.129999999999995,nginx/1.18.0
38.533,-0.253700000000009,squid/3.1.23
47.6319,-122.2968,squid/3.5.12
41.1496,-8.61099999999999,lighttpd/1.4.55
42.4411,19.2636,squid/3.5.12
-10,-55,micro_httpd
53.1835,50.1182,uc-httpd/1.0.0
37.5985,126.9783,Apache-Coyote/1.1
29.6997,-95.5858,nginx
37.57,126.98,DNVRS-Webs
22.25,114.1667,Apache
-34.5239,-58.7794,Boa/0.94.14rc21
45.7788,-119.529,httpd/2.0
37.57,126.98,squid/3.1.23
51.8272,107.6063,awselb/2.0
35.69,139.69,DVRDVS-Webs
37.57,126.98,squid
39.9289,116.3883,NWS_VCLOUD_BIGSTORAGE
38,-97,cloudflare
60,100,GoAhead-Webs
40.7421,-74.0018,Apache-Coyote/1.1
37.5985,126.9783,Tengine
37.57,126.98,cloudflare
37.57,126.98,CradlepointHTTPService/1.0.0
37.57,126.98,NWS_OVERSEA_VIDEO
60,100,mini_httpd/1.19 19dec2003
42.3646,-71.1028,squid/3.1.23
41.7922,123.4328,Boa/0.93.15
34.9104,-82.123,Caddy
37.5985,126.9783,Chunjs/Server
33.6751,-117.7339,squid/3.1.23
35.4478,139.6425,Apache-Coyote/1.1
38,-97,squid/3.1.23
42.3646,-71.1028,Microsoft-WinCE/7.00
37.57,126.98,squid/3.1.23
-10,-55,Microsoft-IIS/10.0
51,9,uvicorn
22.3167,114.1833,Webs
15,100,httpd
37.57,126.98,Flussonic
42.8333,12.8333,cloudflare
49,32,squid/4.10
29.6997,-95.5858,Microsoft-IIS/10.0
52,20,Jetty(9.4.z-SNAPSHOT)
39,35,HttpServer
49,32,
29.6997,-95.5858,Apache
49,32,squid/3.5.12
42.2734,-83.7133,Httpd/1.0
25.0392,121.525,squid/3.5.12
52,20,http server 1.0
60,-95,cloudflare
-34.1045,18.4683,squid/3.1.23
38.1833,127.8167,Apache
-10,-55,Xfinity Broadband Router Server
37.57,126.98,Apache/2.4.18 (Ubuntu)
-34.1045,18.4683,Netgem/8.4.21-43 (httpserver)
46.05,-73.1167,Microsoft-HTTPAPI/2.0
35,105,nginx
37.57,126.98,Microsoft-IIS/8.5
43.8172,-70.1783,Xfinity Broadband Router Server
-30,-71,httpd/2.0
36.6683,116.9972,GlassFish Server Open Source Edition 3.1.2.2
41.1271,-73.4416,CDN_NWS
30.5801,114.2734,Http Server
37.5985,126.9783,OverSea_E0
48.86,2.34999999999999,cloudflare
37.57,126.98,
42.8333,12.8333,squid/3.1.23
36.6683,116.9972,micro_httpd
37.57,126.98,DNVRS-Webs
37.5985,126.9783,squid/4.8
39.9289,116.3883,lighttpd
60,100,squid/3.5.28
51.9167,4.5,squid/3.5.12
51.5,-0.129999999999995,httpd
37.57,126.98,Microsoft-IIS/10.0
8.91669999999999,-77.7167,ecstatic-3.3.2
29.6997,-95.5858,nginx
-30.9546,-58.7833,alphapd
37.57,126.98,Apache
41.1252,-73.7915,CDN_NWS
40,-4,Apache-Coyote/1.1
37.57,126.98,squid/3.1.23
39.5645,-75.597,squid/3.1.9
35,105,WebServer
41.1412,-73.2637,Lego Server
37.57,126.98,Embedthis-Appweb/3.3.1
32.8072,-117.1649,Webs
59,16.2,Microsoft-IIS/8.5
-10,-55,Apache
-34.5239,-58.7794,Router Webserver
51.2167,4.41669999999999,
49,32,Apache/2.4.43 (Unix) OpenSSL/1.1.1g
50.3667,30.45,Oracle XML DB/Oracle Database
34.6836,113.5325,squid/3.5.12
52,20,beegoServer:1.12.0
37.57,126.98,alphapd/2.1.8
37.57,126.98,squid/3.5.12
37.3961,-121.9617,squid/3.1.9
29.6997,-95.5858,nginx/1.20.0
40.5525,-74.2915,alphapd/2.1.8
39.9289,116.3883,lighttpd/1.4.37
30,70,Boa/0.94.14rc21
36.6683,116.9972,nginx
35,105,squid/3.1.9
40.5525,-74.2915,Apache
37.57,126.98,HTTP Server
37.57,126.98,squid/3.1.23
37.57,126.98,nginx/1.15.1
59.3333,18.05,squid/4.10
-34.1045,18.4683,NWS_TCloud_download
35,105,Apache
41.1412,-73.2637,Boa/0.93.15
-2.51669999999999,-44.2667,Microsoft-IIS/8.5
35,105,httpd/2.0
51,9,Microsoft-IIS/10.0
29.6997,-95.5858,Apache/2.4.3 (Unix) PHP/5.4.7
-27,133,cloudflare
-10,-55,nginx
37.5985,126.9783,squid/3.5.12
37.57,126.98,cloudflare
35.8703,128.5911,httpd/2.0
23.1167,113.25,GoAhead-Webs
48.86,2.34999999999999,lighttpd/1.4.35
37.57,126.98,CradlepointHTTPService/1.0.0
33.6141,-101.9574,Apache
37.57,126.98,Apache-Coyote/1.1
36.9031,30.6991,Httpd/1.0
52.4833,-2.11670000000001,Jetty(8.1.5.v20120716)
37.57,126.98,squid
37.57,126.98,micro_httpd
52.5,5.75,
39.8897,115.275,nginx/1.15.0
35,105,alphapd
35,105,Apache
-34.1045,18.4683,Apache/2.4.29 (Ubuntu)
37.57,126.98,DNVRS-Webs
30.2974,-90.8657,httpd/2.0
29.6997,-95.5858,gSOAP/2.8
29.6997,-95.5858,Apache/2.4.43 (Win64) OpenSSL/1.1.1g PHP/7.3.18
32.0617,118.7778,squid/3.1.23
32.8148,-96.8705,squid/3.5.27
42.8333,12.8333,Microsoft-IIS/10.0
29.6997,-95.5858,httpd/2.0
39.3788,-76.8139,micro_httpd
-34,-64,squid/3.5.28
47.6344,-122.3422,micro_httpd
35.0486,-85.155,lighttpd/1.4.31
37.57,126.98,Apache/2.4.29 (Ubuntu)
-37.8139,144.9634,nginx/1.20.0
20,77,nginx
4.8133,-75.6961,Apache
37.57,126.98,alphapd/2.1.8
-33.9258,18.4232,lighttpd/1.4.35
29.6997,-95.5858,CDN_NWS
37.57,126.98,Lego Server
40.5525,-74.2915,squid/3.1.9
15,100,http server 1.0
2.5,112.5,Boa/0.94.13
48.9342,2.35480000000001,tinyproxy/1.8.2
50.9833,7.40000000000001,Apache-Coyote/1.1
4,-72,mHttp 0.1.6296.32466
44,21,nginx/1.18.0
51.5,-0.129999999999995,nginx
29.6997,-95.5858,Boa/0.94.14rc21
-34.1045,18.4683,Boa/0.93.15
37.57,126.98,Apache
37.57,126.98,lighttpd/1.4.28
46.6255,5.215,Apache
25.0392,121.525,httpd
37.57,126.98,openresty
23.5,121,Apache-Coyote/1.1
37.5985,126.9783,squid/3.1.23
36.0877,-115.1485,nginx
37.57,126.98,squid/3.1.23
37.57,126.98,CherryPy/unknown
-34,-64,Apache
37.5985,126.9783,http server 1.0
39.9289,116.3883,httpd/2.0
29.6997,-95.5858,squid/3.1.23
-34.1045,18.4683,Apache
35.69,139.69,CradlepointHTTPService/1.0.0
37.57,126.98,squid/3.5.28
62,10,
37.0015,-86.9575,Microsoft-IIS/7.5
52,20,squid/3.5.12
-30,-71,squid/3.5.12
34.0438,-118.2512,iboss cloud
42.5384,-71.4853,squid/3.1.23
50.0606,18.4257,tinyproxy/1.8.2
35,105,Easy-html
52.5,5.75,Microsoft-IIS/10.0
46,25,Apache
37.57,126.98,Apache
38,-97,Webs
37.57,126.98,SonicWALL
37.5985,126.9783,squid/3.1.23
52.5,5.75,Apache/2.2.14 (Ubuntu)
37.57,126.98,squid/3.1.23
37.57,126.98,httpd
49.75,6.16669999999999,kngx/1.10.2
37.57,126.98,Apache
37.57,126.98,
40.5525,-74.2915,nginx
39.9289,116.3883,squid/3.1.23
29.6997,-95.5858,DNVRS-Webs
35,105,Embedthis-http
37.57,126.98,squid/3.1.23
42.3646,-71.1028,Aterm(HT)/1.0.0
49.75,15.5,httpd
37.5985,126.9783,nginx
64.7667,20.95,Boa/0.94.14rc21
37.425,-121.946,nginx
34.9104,-82.123,httpd
51,9,Microsoft-IIS/8.5
29.6997,-95.5858,squid/3.1.23
51,9,lighttpd/1.4.37
37.57,126.98,http server 1.0
52,20,nginx/1.10.3
37.7697,-122.3933,squid/3.1.23
37.57,126.98,nginx
37.57,126.98,micro_httpd
32.0617,118.7778,Apache
42.8333,12.8333,http server 1.0
60,-95,Xfinity Broadband Router Server
37.57,126.98,openresty
22.25,114.1667,awselb/2.0
49.75,15.5,Apache
37.3961,-121.9617,
60,100,squid/3.1.9
41.1271,-73.4416,lighttpd/1.4.20
41.5703,120.4586,squid/3.1.23
-33.9667,151.1,Apache
37.425,-121.946,GoAhead-Webs/2.5.0 PeerSec-MatrixSSL/3.1.3-OPEN
37.57,126.98,squid/3.1.23
47,8,lighttpd/1.4.37
37.57,126.98,Jetty(9.4.24.v20191120)
38,-97,alphapd/2.1.8
51,9,Apache-Coyote/1.1
46.4918,-80.9955,Apache/2.4.29 (Ubuntu)
38,-97,micro_httpd
35,105,squid/3.1.9
37.57,126.98,lighttpd
37.57,126.98,WebServer
37.57,126.98,
8,-66,Chunjs/Server
29.6997,-95.5858,Apache/2.4.41 (Ubuntu)
37.5985,126.9783,nginx/1.14.1
38,-97,cloudflare
-10,-55,Apache-Coyote/1.1
-34.1045,18.4683,Apache/2.4.41 (Ubuntu)
37.57,126.98,Werkzeug/1.0.1 Python/3.7.10
42.8333,12.8333,GoAhead-Webs
35.685,139.7514,Xfinity Broadband Router Server
38.864,-77.1922,Apache-Coyote/1.1
37.57,126.98,Router Webserver
52.5,5.75,httpd
37.5985,126.9783,Apache/2.4.38 (Debian)
59.3333,18.05,Jetty(9.4.15.v20190215)
-27,133,squid/3.5.12
37.57,126.98,Boa/0.94.13
43,25,Apache-Coyote/1.1
-10,-55,nginx/1.18.0
38,-97,
42.2734,-83.7133,micro_httpd
-10,-55,Webs
37.57,126.98,Apache-Coyote/1.1
18,-76.8,Xfinity Broadband Router Server
37.57,126.98,Apache-Coyote/1.1
37.57,126.98,alphapd
42.0156,121.6589,httpd
35.685,139.7514,httpd
41.8333,12.8833,squid/3.5.12
49,32,alphapd
41.8776,-87.6272,nginx
41.6872,-69.9794,Apache-Coyote/1.1
59.3333,18.05,Microsoft-IIS/10.0
37.57,126.98,nginx/1.19.10
37.5985,126.9783,The Knopflerfish HTTP Server
39.5645,-75.597,ESF
38.864,-77.1922,nginx/1.17.10
22.6333,120.35,squid/3.1.23
41.1412,-73.2637,Apache
36.6683,116.9972,squid/3.1.23
45.399,-75.7304,lighttpd/1.4.35
42.6568,-73.7469,squid/3.5.12
35,105,nginx/1.9.9
62,15,Apache
37.57,126.98,squid/3.1.23
34.6836,113.5325,Apache/2.4.6 (CentOS) OpenSSL/1.0.1e-fips mod_fcgid/2.3.9 PHP/8.0.7
45.6023,-122.5167,squid/3.5.12
42.38,-71.1329,Apache/2.2.15 (Red Hat)
51.2667,10.4833,FN-Httpd 1.0 [HTTP/1.1]
37.425,-121.946,Jetty(9.4.39.v20210325)
40.5525,-74.2915,squid/3.1.23
41.7922,123.4328,Apache-Coyote/1.1
47.4432,8.6259,squid/3.1.23
33.5717,114.0353,alphapd/2.1.8
35,105,squid/3.1.23
37.57,126.98,squid/3.5.12
37.57,126.98,Tengine
41.1271,-73.4416,squid/3.1.23
55.7522,37.6156,Apache
45.399,-75.7304,Apache/2.4.7 (Ubuntu)
35,105,lighttpd/1.4.45
52.5,5.75,openresty
29.6997,-95.5858,Tengine
39.5645,-75.597,Webs
60,-95,Apache-Coyote/1.1
26.3033,-80.2276,httpd
39.9289,116.3883,nginx
35.69,139.69,CWAP-waf
37.57,126.98,squid/3.5.12
29.6997,-95.5858,Web server
37.57,126.98,Apache
45.399,-75.7304,Apache
52,20,
37.57,126.98,nginx
37.7697,-122.3933,Apache
-5,120,micro_httpd
-10,-55,squid/3.1.23
37.57,126.98,httpd/2.0
40.5525,-74.2915,dcs-lig-httpd
37.57,126.98,micro_httpd
37.57,126.98,kngx/1.10.2
56.15,13.7667,Apache/2.4.10 (Win64) PHP/5.6.0
35,105,squid/3.5.28
35,105,Indy/9.0.11
35,105,Apache
37.57,126.98,CradlepointHTTPService/1.0.0
52.4833,1.05000000000001,Apache
-38.5238,146.8751,Boa/0.94.14rc21
37.9833,23.7333,Microsoft-IIS/10.0
43,25,WebServer
29.3375,47.6581,cloudflare
37.57,126.98,Jetty(9.4.30.v20200611)
34.1965,-118.8188,squid/3.5.27
37.57,126.98,squid/3.5.12
50.4167,12.9833,Payara Server  4.1.1.164 #badassfish
51.5,-0.129999999999995,httpd
52.5,5.75,lighttpd
42.2734,-83.7133,NWS_TCloud_download
42.2211,-71.1985,micro_httpd
-34.5875,-58.6725,lighttpd/1.4.35
29.6997,-95.5858,awselb/2.0
37.3394,-121.895,Microsoft-HTTPAPI/2.0
29.6997,-95.5858,DNVRS-Webs
37.57,126.98,tinyproxy/1.8.2
37.57,126.98,Boa/0.94.14rc21
37.5985,126.9783,Microsoft-IIS/10.0
47,8,netis/1.0.1
37.4625,-122.2405,Apache/2.4.29 (Win32) OpenSSL/1.0.2l PHP/7.1.11
37.57,126.98,lighttpd/1.4.35
49,32,kngx/1.10.2
-33.8615,151.2055,Apache
-34.5417,-58.6153,lighttpd/1.4.35
1.29310000000001,103.8558,HTTP Server
37.57,126.98,lighttpd/1.4.39
40.8028,29.4307,httpd
37.5985,126.9783,Apache-Coyote/1.1
60,100,squid/3.1.23
37.57,126.98,Cross Web Server
42.2734,-83.7133,Microsoft-IIS/8.5
37.57,126.98,cloudflare
29.6997,-95.5858,nginx
35,105,CDN_NWS
37.5985,126.9783,openresty/1.19.3.1
56.1322,47.2519,Router Webserver
51,9,web
29.6997,-95.5858,SonicWALL
-27,133,Zscaler proxy
29.6997,-95.5858,GlassFish Server Open Source Edition  4.1.2
42.0156,121.6589,webs
41.1271,-73.4416,cloudflare
37.57,126.98,squid/3.1.23
29.6997,-95.5858,NWS_VCLOUD_ACCESS
37.57,126.98,micro_httpd
52,20,Linux/2.x UPnP/1.0 Avtech/1.0
37.57,126.98,lighttpd/1.4.33
64,26,nginx
29.6997,-95.5858,Apache
39.0335,-77.4838,nginx/1.4.7
61.5,23.75,httpd/2.0
43,25,nginx/1.19.4
39.5645,-75.597,
43,25,OoklaServer
37.57,126.98,squid/3.5.20
-34.5239,-58.7794,cloudflare
29.6997,-95.5858,Httpd/1.0
29.6997,-95.5858,CDN_NWS
37.57,126.98,squid/3.5.12
42.2734,-83.7133,DNVRS-Webs
29.6997,-95.5858,
62,10,CradlepointHTTPService/1.0.0
37.57,126.98,Apache
35.685,139.7514,nginx/1.18.0
46.6853,7.84719999999999,tinyproxy/1.8.2
37.57,126.98,Router Webserver
8.6703,-76.2092,micro_httpd
-32.9468,-60.6393,-
37.3961,-121.9617,NWS_VCLOUD_BIGSTORAGE
-10,-55,Apache/2.4.39 (IUS) OpenSSL/1.0.1e-fips mod_fcgid/2.3.9
43.7122,-79.3237,squid/3.1.23
38,-97,http server 1.0
43.7667,11.25,Apache/2.4.46 (Win64) PHP/7.4.9
41.1412,-73.2637,micro_httpd
46.8,-71.25,nginx
-27,133,http server 1.0
38.0281,-87.5119,Boa/0.94.13
37.57,126.98,CradlepointHTTPService/1.0.0
37.57,126.98,nginx
31.523,-84.3024,Apache/2.4.41 (Ubuntu)
38,-97,ktor-server-core/1.5.0 ktor-server-core/1.5.0
37.57,126.98,Siemens Switzerland Ltd.
37.57,126.98,Boa/0.94.14rc21
37.57,126.98,squid/3.1.23
38,-97,Jetty(9.4.39.v20210325)
35,105,tinyproxy/1.8.2
43.1005,-77.426,alphapd/2.1.8
48.9167,2.2833,squid/3.5.12
37.57,126.98,nginx
38,-97,NWS_TCloud_S2
-29,24,squid/3.5.20
42.5804,-71.087,nginx/1.18.0
-10,-55,Tengine
60,100,nginx/1.14.0 (Ubuntu)
37.57,126.98,Boa/0.94.14rc21
51.5,-0.129999999999995,CloudWAF
52.25,21,LANCOM
37.57,126.98,WebServer
37.7697,-122.3933,Microsoft-IIS/8.5
22.25,114.1667,micro_httpd
49,32,nginx/1.16.1
39.2291,-111.7504,NWS_TCloud_S2
46.7671,-113.9762,http server 1.0
45.399,-75.7304,nginx/1.8.1
35.69,139.69,Icecast 2.4.2
38,-97,nginx
34.6864,135.52,http server 1.0
46,15,Virtual Web 0.9
45.399,-75.7304,http server 1.0
35.685,139.7514,Tengine
-6,35,DNVRS-Webs
50.8167,8.76669999999999,squid/4.13
40,-4,Httpd/1.0
-34.1045,18.4683,Lego Server
37.5985,126.9783,Apache
37.57,126.98,http server 1.0
41.1412,-73.2637,IP_SHARER WEB 1.0
37.57,126.98,micro_httpd
37.57,126.98,CradlepointHTTPService/1.0.0
37.57,126.98,http server 1.0
37.57,126.98,http server 1.0
37.0015,-86.9575,Windows-Azure-Blob/1.0 Microsoft-HTTPAPI/2.0
56,24,DWS
33.0801,-83.2321,Apache
37.57,126.98,nginx
44,21,Apache-Coyote/1.1
30.2955,-97.8133,cloudflare
60,-95,WebServer
42.2734,-83.7133,httpd
20,77,Zscaler proxy
8.9333,-79.7,Boa/0.94.14rc21
35,105,
29.6997,-95.5858,Apache/2.4.16 (FreeBSD) OpenSSL/1.0.1p-freebsd PHP/5.5.28
35,105,cloudflare
40.5525,-74.2915,squid/3.1.23
37.57,126.98,micro_httpd
1,38,httpd/2.0
37.57,126.98,Boa/0.94.14rc21
40.5525,-74.2915,WebServer
42.2734,-83.7133,Apache/2.2.26 (Unix) mod_ssl/2.2.26 OpenSSL/1.0.1e-fips PHP/5.3.28
36.4241,-77.066,DNVRS-Webs
37.57,126.98,Jetty(9.4.41.v20210516)
37.57,126.98,squid/3.1.23
47.2313,39.7233,squid/3.5.12
49.75,15.5,Apache
51,9,Apache-Coyote/1.1
25.0392,121.525,http server 1.0
36.0564,103.7922,Virtual Web 0.9
51.5,-0.129999999999995,Boa/0.94.14rc21
29.6997,-95.5858,squid/3.1.23
62,15,WebServer
37.57,126.98,Lego Server
25.0392,121.525,Apache
42.8333,12.8333,openresty
14.1,-87.2167,httpd/2.0
39.1588,-75.4941,Apache/2.4.6 (CentOS) OpenSSL/1.0.1e-fips mod_fcgid/2.3.9 PHP/7.2.18
22.2833,114.15,HTTP Server
37.57,126.98,micro_httpd
53,-8,mini_httpd/1.19 19dec2003
3.16669999999999,101.7,httpd/2.0
60,-95,CradlepointHTTPService/1.0.0
50.2077,15.8295,localhost
37.57,126.98,GoAhead-Webs
42.2734,-83.7133,nws_ocmid_hy
34.0202,-118.3928,IXCSS-HTTP-Server/5.0 IXCSS/1.0
38.6143,-90.4444,Jetty(9.4.24.v20191120)
56.4128,10.8956,nginx/1.18.0
47.1727,19.7995,httpd
37.57,126.98,Boa/0.94.14rc21
32,-5,Apache-Coyote/1.1
37.57,126.98,SNVR Web Server v1.0
36.0986,120.3719,cdn
44.6667,10.9167,micro_httpd
38,-97,Apache
48.86,2.34999999999999,nginx
40.0507,-105.2037,Apache/2.4.6 (CentOS) OpenSSL/1.0.1e-fips mod_fcgid/2.3.9 PHP/5.4.16
1,38,Webs
49.0667,18.9333,lighttpd/1.4.54
40.2235,-106.8744,lighttpd
62,15,micro_httpd
60,100,Apache/2.4.39 (Unix) OpenSSL/1.0.1u
49,32,openresty
60,100,Apache/2.4.38 (Debian)
42.4411,19.2636,nginx/1.18.0
25.0392,121.525,WS-web-server
-27.471,153.0243,nginx/1.18.0
35.0845,-106.6511,Embedthis-Appweb/3.2.3
42.2734,-83.7133,Apache
-34.1045,18.4683,Apache
57.7167,11.9667,Apache
35,105,openresty
37.57,126.98,squid/3.1.23
38,-97,lwIP/1.4.0 (http://savannah.nongnu.org/projects/lwip)
38,-97,Apache-Coyote/1.1
37.5985,126.9783,squid/3.5.12
55.7522,37.6156,nginx/1.8.1
39.9289,116.3883,Boost.Beast/277
42.3646,-71.1028,nginx
40.3735,-104.7204,Mikrotik HttpProxy
49,32,Zscaler proxy
32,53,WebServer
38.864,-77.1922,Kerio Connect 9.2.10
62,10,squid/3.5.12
39.1588,-75.4941,Zscaler proxy
37.57,126.98,Apache-Coyote/1.1
29.6997,-95.5858,nginx
49.75,15.5,squid/3.1.23
25,45,netis/1.0.1
29.6997,-95.5858,squid/3.1.9
37.57,126.98,squid/3.5.12
45.53,-73.5672,cloudflare
37.5985,126.9783,squid/3.1.23
37.57,126.98,Jetty(9.4.39.v20210325)
47.3333,13.3333,GoAhead-Webs
35.685,139.7514,squid/3.5.12
-39.8,-73.2333,Jetty(9.4.38.v20210224)
38,-97,Apache-Coyote/1.1
38,-97,squid/3.1.23
41.1271,-73.4416,Boa/0.94.14rc21
40,-4,nginx
51,9,Boa/0.94.14rc21
60,100,squid/3.1.23
37.5985,126.9783,TCW
51.5,-0.129999999999995,Boa/0.94.14rc21
-10,-55,Netgem/8.4.21-43 (httpserver)
45.399,-75.7304,nginx/1.18.0 (Ubuntu)
39,22,DNVRS-Webs
37.57,126.98,gunicorn/20.0.4
-39.8,-73.2333,LANCOM
31.0456,121.3997,NWS_VCLOUD_BIGSTORAGE
38,-97,squid/3.5.27
37.57,126.98,uc-httpd 1.0.0
37.57,126.98,cloudflare
39.9289,116.3883,CradlepointHTTPService/1.0.0
42.2734,-83.7133,SonicWALL
37.3762,-122.1826,DNVRS-Webs
37.57,126.98,kngx/1.10.2
45.399,-75.7304,NWS_TCloud_download
35,105,lighttpd/1.4.55
-34.1045,18.4683,squid/3.5.20
37.5985,126.9783,nginx
49.4167,10.2167,squid/3.5.12
29.6997,-95.5858,nginx/1.21.3
51,9,kngx/1.10.2
36.6683,116.9972,Apache/2.4.29 (Ubuntu) mod_fcgid/2.3.9 OpenSSL/1.1.1
60,100,
34.0943,-118.3811,squid/3.1.9
60,100,http server 1.0
37.7393,-122.1747,Boa/0.94.14rc21
29.6997,-95.5858,Apache-Coyote/1.1
30.6667,104.0667,MS-MFC-HttpSvr/1.0
37.57,126.98,squid/3.1.23
37.57,126.98,nginx
37.57,126.98,nginx/1.18.0 (Ubuntu)
32.0617,118.7778,Microsoft-IIS/8.5
20,77,Apache
39.5,-8,Apache-Coyote/1.1
38,-97,Boa/0.94.14rc21
37.3394,-121.895,CloudWAF
35.685,139.7514,cloudflare
24,54,nginx/1.21.3
34.0533,-118.2549,squid/3.5.12
37.57,126.98,Mikrotik HttpProxy
37.57,126.98,Windows-Azure-Blob/1.0 Microsoft-HTTPAPI/2.0
37.57,126.98,istio-envoy
20,77,http server 1.0
0,0,Apache/2.0.59 (Win32) PHP/5.2.8
52,20,Cowboy
41.1412,-73.2637,uc-httpd 1.0.0
-7.97970000000001,112.6304,micro_httpd
29.6997,-95.5858,Apache
45.6655,-72.1337,Microsoft-IIS/8.5
37.57,126.98,dcs-lig-httpd
37.57,126.98,squid/3.1.23
37.57,126.98,micro_httpd
47.4365,18.9124,nginx
37.57,126.98,Apache
37.57,126.98,nginx/1.14.2
-34.1045,18.4683,Windows-Azure-Blob/1.0 Microsoft-HTTPAPI/2.0
42.2734,-83.7133,micro_httpd
35.0585,-106.6236,Apache-Coyote/1.1
44.4235,-73.0854,WebServer
37.57,126.98,SonicWALL
42.7526,-73.7804,cloudflare
-4.58330000000001,55.6667,tinyproxy/1.8.2
29.6997,-95.5858,X1 Web Server
-27,133,httpd/2.0
37.57,126.98,DNVRS-Webs
37.5985,126.9783,
49,32,openresty
42.2734,-83.7133,Microsoft-IIS/7.0
37.5985,126.9783,squid/3.1.23
39.9289,116.3883,nginx/1.17.9
29.6997,-95.5858,nginx/1.19.6
34.0995,-117.5808,Web-Server
8,-66,lighttpd/1.4.50
38.9001,-99.347,WildFly/10
50.0833,14.4667,Arcadyan httpd 1.0
60,-95,lighttpd
35,105,Apache
44.98,-93.2638,Rocket
39.5267,-119.8129,Microsoft-IIS/7.5
38.1833,127.8167,Httpd/1.0
37.57,126.98,Lego Server
57.7167,11.9667,nginx
37.425,-121.946,lighttpd/1.4.35
31.0456,121.3997,squid/3.5.12
41.7922,123.4328,Tengine
37.57,126.98,squid/3.1.23
51.127,-114.0787,Apache
-34.1045,18.4683,MailEnable-HTTP/5.0
29.6997,-95.5858,squid/3.5.12
29.6997,-95.5858,micro_httpd
33.7009,-97.1629,nginx
45.4809,4.43170000000001,netis/1.0.1
37.7697,-122.3933,nginx
-26.2052,28.0498,lighttpd/1.4.35
47.2333,10.7333,http server 1.0
-30,-71,Lego Server
-27,133,Apache/2.4.38 (Debian)
46,25,nginx/1.18.0
36.6683,116.9972,squid/3.5.12
40.3357,-75.9269,GlassFish Server Open Source Edition  4.1
35.685,139.7514,Apache-Coyote/1.1
37.5985,126.9783,ESF
37.57,126.98,Apache-Coyote/1.1
36.6683,116.9972,squid/3.1.23
41.1271,-73.4416,Boa/0.94.14rc21
39.9289,116.3883,squid/3.1.9
25.0392,121.525,Httpd/1.0
30.5801,114.2734,squid/3.1.23
-10,-55,squid/3.1.23
7.75,-80.2333,NWS_VCLOUD_BIGSTORAGE
36.9031,30.6991,Apache-Coyote/1.1
35,105,iboss cloud
37.57,126.98,lighttpd/1.4.20
-10,-55,squid/3.1.23
37.425,-121.946,Microsoft-IIS/8.5
48.86,2.34999999999999,SimpleHTTP/0.6 Python/2.7.18
37.57,126.98,
37.57,126.98,squid/3.5.12
28.0381,-80.6115,Webs
42.8333,12.8333,openresty
37.57,126.98,squid/3.1.23
32.3223,-90.1087,httpd/2.0
40,-4,squid/3.1.23
37.57,126.98,NWS_VCLOUD_BIGSTORAGE
45.4167,9.26669999999999,nginx/1.18.0
37.57,126.98,micro_httpd
23.5,121,Apache
37.57,126.98,
43.6667,-79.4167,squid/3.1.23
37.57,126.98,nginx
24.1667,-110.3,GoAhead-Webs
41.1271,-73.4416,CDN_NWS
29.6997,-95.5858,squid/3.1.23
37.57,126.98,Xfinity Broadband Router Server
37.57,126.98,squid/3.1.23
37.57,126.98,squid/3.5.20
-8.83680000000001,13.2332,Apache-Coyote/1.1
51.5,-0.129999999999995,Apache-Coyote/1.1
24.1433,120.6814,openresty
41.1271,-73.4416,mcdhttpd/1.0
37.57,126.98,httpd
-30.9546,-58.7833,Apache/2.4.25 (Debian)
-34.1045,18.4683,nginx
38,-97,http server 1.0
37.57,126.98,squid/3.5.27
49,32,WebServer
37.57,126.98,Webs
37.57,126.98,squid/3.1.9
37.57,126.98,httpd/2.0
37.57,126.98,ver2.4 rev0
35.6145,-88.814,kngx/1.10.2
52.25,12.8333,lighttpd/1.4.28
-10,-55,Http Server
48.6667,19.5,sky_router
37.57,126.98,Microsoft-IIS/7.5
42.8333,12.8333,WebServer
42.2734,-83.7133,micro_httpd
35,105,nginx/1.14.0
39.9355,-105.0473,lighttpd/1.4.26
-10,-55,iboss cloud
37.57,126.98,squid/3.1.23
51.5,-0.129999999999995,micro_httpd
37.5985,126.9783,Apache/2.4.48 (Debian)
45.399,-75.7304,Apache-Coyote/1.1
37.57,126.98,Apache/2.4.25 (Debian) mod_fcgid/2.3.9 OpenSSL/1.0.2u
39.7525,-104.9995,TwistedWeb/18.9.0
39.9289,116.3883,Xfinity Broadband Router Server
36.9081,30.6956,1.14.3-2.el7.centos
51,9,squid/3.5.12
22.1667,113.55,squid/3.5.12
-34.5875,-58.6725,nginx/1.16.1
37.57,126.98,HP HTTP Server
48.86,2.34999999999999,Boa/0.94.14rc21
38,-97,Web server
35.69,139.69,DNVRS-Webs
35.1928,128.0847,Apache-Coyote/1.1
25.0392,121.525,NWS_UGCvideo
47.6319,-122.2968,Microsoft-IIS/8.5
37.5155,-121.8962,
37.57,126.98,netis/1.0.1
38,-97,Boa/0.94.14rc21
-10,-55,iflysec.Herald/1.1
43.2767,26.9292,squid/3.1.23
40.4623,-80.031,nginx
37.57,126.98,squid/3.1.23
35,105,netis/1.0.1
37.57,126.98,Boa/0.94.14rc21
37.7697,-122.3933,Tengine
35,105,
42.2734,-83.7133,Apache-Coyote/1.1
43,25,Microsoft-IIS/8.5
37.5985,126.9783,squid/3.1.23
37.57,126.98,NWS_VP
53.8167,10.3833,DNVRS-Webs
42.2734,-83.7133,Boa/0.94.14rc21
39.9289,116.3883,Allegro-Software-RomPager/5.40
45.399,-75.7304,Apache/2.2.16 (Debian)
-27,133,squid/3.1.9
29.6997,-95.5858,iboss cloud
38,-97,kngx/1.10.2
49.3167,-117.6667,Apache/2.4.25 (Debian)
39.9289,116.3883,DNVRS-Webs
42.8333,12.8333,cloudflare
35.69,139.69,squid/3.1.23
47.6319,-122.2968,Proxy
28.6,77.2,ktor-server-core/1.5.0 ktor-server-core/1.5.0
22.2833,114.15,WebServer
52.1333,-0.983300000000014,Apache/2.4.38 (Debian)
29.6997,-95.5858,Payara Server  4.1.2.172 #badassfish
47.3333,13.3333,squid/3.5.12
37.57,126.98,squid/3.5.12
25.0392,121.525,dcs-lig-httpd
38.1833,127.8167,Zscaler proxy
-34.1045,18.4683,DNVRS-Webs
37.57,126.98,squid/3.1.23
35.69,139.69,squid/3.1.23
37.57,126.98,Boa/0.94.14rc21
35.69,139.69,webs
-34.1045,18.4683,Kestrel
37.57,126.98,Httpd/1.0
29.6997,-95.5858,squid/3.5.12
37.5985,126.9783,squid/3.1.23
22.6333,120.35,squid/3.5.20
-34.1045,18.4683,squid/3.1.9
37.57,126.98,nginx/1.17.5
32.7026,51.1537,nginx
37.4906,127.02,Jetty/5.1.5rc0 (Linux/3.10.0-1160.15.2.el7.x86_64 amd64 java/1.8.0_292
49,32,Apache-Coyote/1.1
40.9397,24.4019,Apache-Coyote/1.1
48.86,2.34999999999999,micro_httpd
45.399,-75.7304,GoAhead-Webs
-10,-55,micro_httpd
29.6997,-95.5858,Boa/0.94.14rc21
40.6761,-74.573,squid/3.1.23
37.7697,-122.3933,NWS_VCLOUD_STORAGE
30,70,squid/3.1.23
37.57,126.98,Apache
39.9289,116.3883,DNVRS-Webs
45.399,-75.7304,Xfinity Broadband Router Server
42.2734,-83.7133,NWS_QQDL
60,100,SonicWALL
37.57,126.98,Boa/0.94.13
42.8333,12.8333,nginx/1.8.1
45.399,-75.7304,wfe
35.685,139.7514,GoAhead-Webs
38,-97,squid/3.5.12
29.6997,-95.5858,Jetty(6.1.24)
42.2734,-83.7133,http server 1.0
22.6333,120.35,Apache-Coyote/1.1
30.3322,-81.6556,Boa/0.94.14rc21
49,32,Apache/2.2.11 (Win32) DAV/2 mod_ssl/2.2.11 OpenSSL/0.9.8i PHP/5.2.9
37.57,126.98,Microsoft-HTTPAPI/2.0
25.0392,121.525,micro_httpd
37.57,126.98,TornadoServer/6.0.2
45.5078,-73.5804,gunicorn/19.10.0
35.685,139.7514,Apache
29.6997,-95.5858,gunicorn/19.10.0
37.57,126.98,Linux/2.x UPnP/1.0 Avtech/1.0
39.1422,117.1767,squid/3.1.23
37.6198,-122.3802,nginx/1.16.1
-34.1045,18.4683,http server 1.0
37.57,126.98,nginx/1.2.3
37.57,126.98,lighttpd/1.4.31
19.43,-99.13,lighttpd/1.4.35
37.57,126.98,Lego Server
35.69,139.69,squid/3.5.12
37.57,126.98,squid/3.5.20
37.57,126.98,nginx
37.57,126.98,Allegro-Software-RomPager/5.40
52,20,Apache/2.4.46 (Ubuntu)
38,-97,GoAhead-Webs
51,9,lighttpd/1.4.37
60.4333,22.5167,Webs
37.57,126.98,Microsoft-IIS/7.5
35,105,squid/3.5.20
38,-97,eCos Embedded Web Server
9,-80,Jetty(9.4.43.v20210629)
37.57,126.98,Xfinity Broadband Router Server
41.1271,-73.4416,SonicWALL
38,-97,Apache-Coyote/1.1
23.5,121,cloudflare
37.57,126.98,alphapd/2.1.8
42.3646,-71.1028,Linux
43,25,squid/3.1.23
35,105,Apache/2.4.48 (Unix) OpenSSL/1.1.1d PHP/7.3.30
45.399,-75.7304,Boa/0.94.14rc21
46,25,squid/3.5.12
19.4342,-99.1386,Apache/2.2.22 (Debian)
4,-72,DNVRS-Webs
39.9289,116.3883,awselb/2.0
15,100,squid/3.1.23
37.57,126.98,nginx/1.16.1
40.1576,-75.2757,squid/3.1.23
37.7697,-122.3933,nginx/1.12.2
61.0667,28.1833,nginx
43.639,-79.4499,Apache-Coyote/1.1
43.3378,-103.5518,Microsoft-HTTPAPI/2.0
48.6667,19.5,squid/3.5.28
24.1433,120.6814,
32.7877,-96.8,squid/3.5.20
38,-97,Werkzeug/0.14.1 Python/3.7.3
23.5,121,Embedthis-http
39.0335,-77.4838,Jetty(9.4.40.v20210413)
29.6997,-95.5858,http server 1.0
0,0,Boa/0.94.14rc21
29.6997,-95.5858,Router Webserver
37.57,126.98,micro_httpd
23.1167,113.25,
37.57,126.98,Mbedthis-Appweb/12.0.0
38,-97,
37.5985,126.9783,Microsoft-IIS/10.0
39.9289,116.3883,Mikrotik HttpProxy
37.57,126.98,Microsoft-IIS/6.0
24.1433,120.6814,GlassFish Server Open Source Edition  4.0
51.65,6.1833,webs
29.6997,-95.5858,Microsoft-IIS/6.0
29.6997,-95.5858,GoAhead-Webs
52,20,nginx/1.14.2
37.57,126.98,squid/3.1.23
40,-4,Microsoft-HTTPAPI/2.0
39.9289,116.3883,Mathopd/1.5p6
32.0617,118.7778,Lego Server
42.38,-71.1329,kngx/1.10.2
51.5,-0.129999999999995,GlassFish Server Open Source Edition  4.1
53.2007,45.0046,httpd
35.69,139.69,WebServer
37.57,126.98,netis/1.0.1
37.57,126.98,uc-httpd 1.0.0
59.3,17.9667,awselb/2.0
37.57,126.98,Microsoft-HTTPAPI/2.0
39.9289,116.3883,tinyproxy/1.8.2
45.399,-75.7304,squid/3.5.20
47.6319,-122.2968,Apache-Coyote/1.1
37.5985,126.9783,tinyproxy/1.8.2
37.57,126.98,SimpleHTTP/0.6 Python/2.7.18
38,-97,nginx
42.3223,-83.1763,kngx/1.10.2
41.1412,-73.2637,GoAhead-Webs
29.6997,-95.5858,Jetty(9.4.40.v20210413)
39.9289,116.3883,Apache-Coyote/1.1
42.2734,-83.7133,Httpd/1.0
35,105,lighttpd/1.4.37
-27,133,Zscaler proxy
38.1833,127.8167,squid/3.1.9
37.57,126.98,nginx/1.16.1
48.86,2.34999999999999,HP HTTP Server
42.3223,-83.1763,squid/3.1.23
37.57,126.98,GlassFish Server Open Source Edition  4.1
29.6997,-95.5858,netis/1.0.1
37.3721,-121.8643,squid/3.5.12
37.57,126.98,nginx/1.10.3
29.6997,-95.5858,http server 1.0
29.6997,-95.5858,micro_httpd
59.9167,10.75,squid/3.5.12
28.0381,-80.6115,squid/3.1.23
-34.5309,-58.5201,Boa/0.94.14rc21
51,9,Apache/2.4.29 (Ubuntu)
51.5,-0.129999999999995,lighttpd/1.4.31
29.6997,-95.5858,Apache-Coyote/1.1
38,-97,micro_httpd
37.57,126.98,Apache/2.4.6 (CentOS) PHP/7.0.33
-6.17439999999999,106.8294,micro_httpd
22.5333,114.1333,Apache-Coyote/1.1
45.6023,-122.5167,nginx
42.6833,23.3167,WEB SERVER
1,38,Apache/2.2.15 (CentOS)
39.9289,116.3883,CloudWAF
52,20,kngx/1.10.2
42.6973,-84.5303,
46.7671,-113.9762,HTTP Server
42.3646,-71.1028,nginx/1.6.3
37.57,126.98,nginx
37.57,126.98,Microsoft-IIS/7.5
37.57,126.98,cloudflare
29.6997,-95.5858,squid/3.1.23
37.57,126.98,Caddy
45.399,-75.7304,mHttp 0.1.6296.32466
38,-97,GoAhead-Webs
35,105,lighttpd/1.4.55
37.57,126.98,Microsoft-IIS/7.5
37.57,126.98,
41.3974,-90.5901,Apache/2.2.22 (Win64) PHP/5.3.13
43,25,NWS_VCLOUD_STORAGE
35.8703,128.5911,Microsoft-IIS/10.0
39.5645,-75.597,micro_httpd
37.57,126.98,Cowboy
38,-97,Lego Server
47,29,Apache/2.4.25 (Debian)
37.5985,126.9783,Apache-Coyote/1.1
35,105,Router Webserver
42.8333,12.8333,TwistedWeb/14.0.0
37.57,126.98,squid/3.5.27
50.6667,-120.3333,Apache/2.4.25 (Debian)
-25.7259,28.3137,Apache/2.4.6 (CentOS) OpenSSL/1.0.1e-fips mod_fcgid/2.3.9 PHP/5.6.40
38,-97,nginx/1.18.0
23.1167,113.25,squid/3.5.12
29.6997,-95.5858,squid/3.5.12
49.75,15.5,lighttpd/1.4.39
37.57,126.98,Webs
37.57,126.98,squid/3.1.23
30,70,waitress
34.6836,113.5325,Apache
35.685,139.7514,
29.6997,-95.5858,
37.57,126.98,Arcadyan httpd 1.0
28.57,77.32,CradlepointHTTPService/1.0.0
-27,133,nginx/1.19.6
37.5155,-121.8962,Boa/0.93.15
-27,133,nginx
33.4257,-81.9611,Boa/0.94.14rc21
37.5985,126.9783,iboss cloud
51.5,-0.129999999999995,vws/1.0
37.57,126.98,Henry/1.1
60,100,Apache-Coyote/1.1
37.57,126.98,Microsoft-IIS/10.0
39.5,-8,Embedthis-http
35.69,139.69,Apache-Coyote/1.1
46.9167,26.3167,Http Server
37.57,126.98,Apache
29.6997,-95.5858,cloudflare
47,8,Apache-Coyote/1.1
37.57,126.98,Microsoft-HTTPAPI/2.0
37.57,126.98,lighttpd/1.4.35
38.6399,-90.184,Microsoft-HTTPAPI/2.0
22.25,114.1667,Embedthis-http
37.57,126.98,Microsoft-HTTPAPI/2.0
37.57,126.98,Apache-Coyote/1.1
37.57,126.98,Apache-Coyote/1.1
38,-97,Apache
38,-97,Werkzeug/1.0.1 Python/3.9.4
37.5985,126.9783,Apache
37.7697,-122.3933,squid/3.1.23
37.57,126.98,WebServer
35.69,139.69,CradlepointHTTPService/1.0.0
42.1617,-88.3285,nginx
-34,-64,
51.5,-0.129999999999995,Apache-Coyote/1.1
38,-97,kngx/1.10.2
35.69,139.69,Router Webserver
37.57,126.98,Router Webserver
37.57,126.98,squid/3.1.23
42.2734,-83.7133,nginx/1.18.0
37.57,126.98,webs
42.6644,-83.2303,uhttpd
37.57,126.98,Jetty(9.2.4.v20141103)
40.7267,-73.9981,GoAhead-Webs
35.1216,-120.6213,Apache/2.4.38 (Debian)
30.1948,-91.0084,Router Webserver
-27,133,Apache/2.2.34 (Amazon)
38,-97,nginx
47.1667,27.6,Apache/2.4.25 (Debian) mod_fcgid/2.3.9 OpenSSL/1.0.2u
39.746,-75.5466,HTTP Server
60,-95,micro_httpd
39,22,Jetty(9.4.27.v20200227)
37.5985,126.9783,Jetty(9.4.27.v20200227)
37.57,126.98,httpd/2.0
37.57,126.98,Jetty(9.4.38.v20210224)
42.6644,-83.2303,Apache
29.6997,-95.5858,Microsoft-IIS/7.5
60,100,GoAhead-Webs
50.8092,16.257,http server 1.0
37.57,126.98,KugouCDN
54.036,19.0345,nginx/1.14.1
38,-97,squid/3.5.12
51.5,-0.129999999999995,lighttpd
37.57,126.98,lighttpd/1.4.32
42.2734,-83.7133,Microsoft-HTTPAPI/2.0
48.86,2.34999999999999,
37.5985,126.9783,squid/3.5.12
37.57,126.98,nginx/1.8.1
37.57,126.98,WebServer
49.75,15.5,Mini web server 1.0 ZTE corp 2005.
37.57,126.98,nginx/1.14.2
51,9,Lego Server
49,32,Linux/2.x UPnP/1.0 Avtech/1.0
29.6997,-95.5858,Apache-Coyote/1.1
20,77,nginx/1.18.0
37.57,126.98,Apache-Coyote/1.1
60.6667,17.1667,WebBox-20
43.6667,-79.4167,cloudflare
47.4891,-122.2908,squid/3.1.23
39.5267,-119.8129,nginx/1.14.2
37.57,126.98,lighttpd/1.4.39
42.2734,-83.7133,squid/3.1.23
38,-97,Microsoft-IIS/10.0
41.1412,-73.2637,nginx/1.2.3
37.57,126.98,lighttpd/1.4.32
40.5525,-74.2915,Jetty(6.1.x)
48.86,2.34999999999999,Apache-Coyote/1.1
37.5985,126.9783,Microsoft-IIS/8.5
42.5667,-94.7075,micro_httpd
37.57,126.98,Microsoft-IIS/8.5
-23.95,-46.3333,alphapd/2.1.8
29.6997,-95.5858,calibre 4.12.0
35,105,alphapd
24.1433,120.6814,WebServer
37.57,126.98,CR300.Std.10.02
44.5317,-70.2164,squid/3.5.12
37.459,-122.1781,squid/3.5.12
25.0389,102.7183,squid/3.1.23
37.5985,126.9783,squid/3.1.23
29.5628,106.5528,squid/3.5.12
38,-97,nginx/1.18.0
52.5167,13.4,alphapd/2.1.8
45.45,11,squid/3.5.12
29.6997,-95.5858,squid/3.5.12
38,-97,alphapd
37.57,126.98,squid/3.5.12
22.25,114.1667,Apache
42.0166,-71.2231,http server 1.0
37.57,126.98,cloudflare
-37.85,145,squid/3.1.23
38,-97,Apache-Coyote/1.1
29.6997,-95.5858,WebServer
38,-97,micro_httpd
48.9833,14.4667,squid/3.1.23
29.6997,-95.5858,openresty
1.46549999999999,103.7578,Http Server
37.5985,126.9783,Apache-Coyote/1.1
39,22,GoAhead-Webs
48.15,18.3333,DNVRS-Webs
37.5155,-121.8962,Apache-Coyote/1.1
53.1667,63.5833,http server 1.0
36.6683,116.9972,nginx/1.21.1
37.57,126.98,Webs
12.2129,-68.2944,squid/3.5.12
-10,-55,netis/1.0.1
39.8897,115.275,http server 1.0
-30,-71,nginx/1.18.0
37.57,126.98,lighttpd
37.57,126.98,squid/3.1.23
27,30,Boa/0.94.14rc21
-10,-55,Apache/2.4.6 (CentOS) OpenSSL/1.0.2k-fips mod_fcgid/2.3.9 PHP/5.4.16 mod_python/3.5.0- Python/2.7.5
-34.1045,18.4683,CWAP-waf
51.5142,-0.093099999999993,lighttpd/1.4.20
-34.1045,18.4683,squid/3.5.20
62,15,Apache
51.5,-0.129999999999995,Microsoft-HTTPAPI/2.0
48.86,2.34999999999999,squid/3.5.28
4,-72,Apache-Coyote/1.1
37.57,126.98,squid/3.5.20
32.8807,-117.2359,GoAhead-Webs
34.6451,-97.9036,Apache/2.4.25 (Debian)
35.69,139.69,Mini web server 1.0 ZTE corp 2005.
44.8,10.1833,squid/3.1.23
43,25,WEBrick/1.6.1 (Ruby/2.7.3/2021-04-05)
52,20,DVRDVS-Webs
29.6997,-95.5858,NWS_STSOC_CC1
29.6997,-95.5858,nginx/1.20.1
37.57,126.98,Webs
-34.1045,18.4683,NWS_VCLOUD_BIGSTORAGE
37.57,126.98,kngx/1.10.2
37.5985,126.9783,WebServer
-32.9468,-60.6393,nginx/1.14.1
37.57,126.98,jjhttpd v0.1.0
38,-97,squid/3.5.12
43.2561,-79.8575,Apache-Coyote/1.1
29.6997,-95.5858,httpd/2.0
37.57,126.98,WebServer
40,-4,micro_httpd
39.9289,116.3883,CradlepointHTTPService/1.0.0
49,32,squid/3.5.27
42.2734,-83.7133,Undisclosed/8.41
37.57,126.98,Zscaler proxy
-10,-55,Microsoft-HTTPAPI/2.0
37.57,126.98,CradlepointHTTPService/1.0.0
41.5703,120.4586,Webs
29.6997,-95.5858,Apache
42.7305,-71.4958,
-34.1045,18.4683,nginx
37.57,126.98,GoAhead-Webs
59.9167,10.75,nginx
37.57,126.98,Http Server
42.2734,-83.7133,nginx/1.13.7
37.57,126.98,httpd/2.0
42.0039,-87.9703,sky_router
55.6667,12.5833,GNU rsp/1.0
39.2089,45.4122,CloudWAF
28.6667,77.2167,Apache
29.6997,-95.5858,Jetty(8.y.z-SNAPSHOT)
22.5333,114.1333,
37.57,126.98,PrHTTPD Ver1.0
37.57,126.98,squid/3.1.23
37.57,126.98,Mikrotik HttpProxy
37.4625,-122.2405,Apache
37.57,126.98,nginx
35.685,139.7514,Apache/2.4.10 (Debian)
39,22,Boa/0.94.14rc21
-39.8,-73.2333,
48.86,2.34999999999999,lighttpd/1.4.26
-34.1045,18.4683,nginx
-33.45,-70.6667,WEBrick/1.3.1 (Ruby/2.4.5/2018-10-18)
-34.1045,18.4683,squid/3.1.9
42.6,23.0333,nginx/1.16.1
37.57,126.98,squid/3.1.23
35,105,micro_httpd
51.5,-0.129999999999995,squid/3.5.12
36.6683,116.9972,Microsoft-HTTPAPI/2.0
29.6997,-95.5858,http server 1.0
60,-95,WebServer
-10,-55,SonicWALL
37.57,126.98,nginx/1.10.3
35.69,139.69,Apache-Coyote/1.1
37.5985,126.9783,micro_httpd
29.6997,-95.5858,SunnyCDNX
37.5985,126.9783,lighttpd/1.4.35
-25.7259,28.3137,Xfinity Broadband Router Server
49.8703,15.5778,cloudflare
29.6997,-95.5858,Mikrotik HttpProxy
49.2814,16.5648,http server 1.0
22.5333,114.1333,squid/3.1.9
53.2167,6.55000000000001,micro_httpd
-34.1045,18.4683,dcs-lig-httpd
37.57,126.98,squid/3.1.23
37.57,126.98,Boa/0.94.14rc21
35.69,139.69,Apache
39.8161,109.9776,Alpha_webserv
40,-4,lighttpd
37.57,126.98,Chunjs/Server
37.57,126.98,awselb/2.0
39.9289,116.3883,uc-httpd/1.0.0
37.57,126.98,cloudflare
37.57,126.98,
37.5985,126.9783,Jetty(9.4.14.v20181114)
51,9,micro_httpd
55.6667,12.5833,CradlepointHTTPService/1.0.0
37.3721,-121.8643,Apache
-25.7259,28.3137,Apache/2.4.38 (Debian)
29.6997,-95.5858,micro_httpd
37.57,126.98,Router Webserver
34.9555,-105.9957,http server 1.0
37.57,126.98,WebServer
51,9,cloudflare
22.25,114.1667,WebServer
-34.1045,18.4683,nginx
29.6997,-95.5858,httpd/2.0
38,-97,http server 1.0
43.7183,-98.0262,nginx
35.69,139.69,
37.57,126.98,Realtron WebServer 1.1
-10,-55,squid/3.5.12
37.5985,126.9783,Apache/2.4.41 (FreeBSD) mod_fcgid/2.3.9
48.2,16.3667,httpd
29.6997,-95.5858,nginx/1.18.0
37.57,126.98,DNVRS-Webs
40.322,-78.697,Apache-Coyote/1.1
37.57,126.98,WebServer
37.57,126.98,nginx
44,21,dcs-lig-httpd
37.57,126.98,kngx/1.10.2
42.2734,-83.7133,Virtual Web 0.9
39.0437,-77.4875,micro_httpd
34.2667,135.3833,Boa/0.94.14rc21
37.57,126.98,Apache
50.8333,4,CradlepointHTTPService/1.0.0
38,-97,Apache-Coyote/1.1
37.57,126.98,squid/3.5.12
37.57,126.98,Router Webserver
52.35,4.91669999999999,squid/3.1.23
60,100,nginx/1.16.1
22.25,114.1667,Http Server
37.57,126.98,squid/3.5.28
37.57,126.98,CradlepointHTTPService/1.0.0
37.57,126.98,Webs
38,-97,
47.6319,-122.2968,
37.57,126.98,
48.4333,-4.61670000000001,
-39.8,-73.2333,
44.4333,26.1,
37.57,126.98,
38.3928,-122.7507,
51.5,-0.129999999999995,
37.57,126.98,
33.8379,-84.3846,
37.57,126.98,
37.57,126.98,
37.57,126.98,
60,100,
37.57,126.98,
-34.1045,18.4683,
37.57,126.98,
37.57,126.98,
55.7522,37.6156,
-29,24,
51.5,-0.129999999999995,
60.4833,15.4167,
42.2734,-83.7133,
37.57,126.98,
41.1412,-73.2637,
48.4827,135.0838,
29.6997,-95.5858,
-10,-55,
40.0402,-75.5332,
37.57,126.98,
29.6997,-95.5858,
-34.5875,-58.6725,
0,0,
39.9289,116.3883,
64,26,
29.6997,-95.5858,
37.5985,126.9783,
12.9833,77.5833,
37.5985,126.9783,
60,100,
52.5,5.75,
37.7697,-122.3933,
51,9,
45.4167,-73.6667,
37.57,126.98,
25.0392,121.525,
29.6997,-95.5858,
37.5985,126.9783,
51,9,
37.57,126.98,
38,-97,
22.25,114.1667,
-10,-55,
60,100,
37.57,126.98,
39.9289,116.3883,
37.57,126.98,
-30.9546,-58.7833,
52.35,4.91669999999999,
51.5,-0.129999999999995,
49,32,
52.1344,-0.475599999999986,
45.399,-75.7304,
37.57,126.98,
35.0757,-106.6406,
51,9,
40.0989,-83.1615,
38,-97,
38,-97,
22.5333,114.1333,
38,-97,
50.8333,4,
39.5645,-75.597,
16.45,120.55,
45.399,-75.7304,
29.6997,-95.5858,
38.1167,13.3667,
40.1697,-82.923,
37.57,126.98,
60,100,
37.57,126.98,
29.6997,-95.5858,
37.57,126.98,
37.57,126.98,
49,32,
37.57,126.98,
58.0093,56.2841,
43.1157,-87.9934,
45.4667,9.19999999999999,
38,-97,
21.0333,105.85,
42.2734,-83.7133,
40.8987,-7.49340000000001,
37.57,126.98,
45.55,10.25,
29.6997,-95.5858,
51.5,-0.129999999999995,
-27,133,
29.6997,-95.5858,
-30,-71,
23.1167,113.25,
35,105,
38.4818,-82.4594,
51,9,
37.57,126.98,
42.2734,-83.7133,
35,105,
29.3375,47.6581,
37.57,126.98,
-38.0023,-57.5575,
37.57,126.98,
-10,-76,
44.0486,-123.2197,
-34.1045,18.4683,
28.0381,-80.6115,
-34.1045,18.4683,
35.5833,139.765,
49,32,
40.3159,-104.9193,
45.399,-75.7304,
37.5402,-122.3041,
23.7231,90.4086,
37.57,126.98,
-34.1045,18.4683,
60,100,
29.6997,-95.5858,
16,106,
37.57,126.98,
40.3357,-75.9269,
41.7038,-73.9218,
29.6997,-95.5858,
42.2734,-83.7133,
35.685,139.7514,
42.3646,-71.1028,
37.57,126.98,
1.29310000000001,103.8558,
-25.7259,28.3137,
51.5,-0.129999999999995,
51.5,-0.129999999999995,
-34.1045,18.4683,
29.6997,-95.5858,
62,15,
-34.1045,18.4683,
1,38,
49,32,
52.5667,-1.55000000000001,
38.864,-77.1922,
49,32,
37.425,-121.946,
45.399,-75.7304,
-34.1045,18.4683,
29.6997,-95.5858,
37.57,126.98,
37.57,126.98,
51,9,
40.7089,-74.0012,
37.57,126.98,
37.57,126.98,
51.5,-0.129999999999995,
37.57,126.98,
37.57,126.98,
37.57,126.98,
47.494,-120.1955,
37.57,126.98,
42.9875,-82.4666,
37.57,126.98,
44,21,
28.1792,113.1136,
29.6997,-95.5858,
42.2734,-83.7133,
45.399,-75.7304,
38,-97,
37.57,126.98,
46,15,
37.5985,126.9783,
48.86,2.34999999999999,
38,-97,
51,9,
35,105,
34.6836,113.5325,
60,100,
60,100,
37.57,126.98,
42.2734,-83.7133,
31.0456,121.3997,
35,105,
51.45,11.8,
42.7034,-113.628,
39.0335,-77.4838,
37.57,126.98,
32,53,
39.9289,116.3883,
37.5985,126.9783,
37.57,126.98,
37.329,-5.4168,
40.7644,-99.0194,
42.6833,23.3167,
52.5931,19.0894,
37.57,126.98,
22.25,114.1667,
37.57,126.98,
-25.7259,28.3137,
44.6833,11.0333,
37.57,126.98,
51.5,-0.416699999999992,
38,-97,
15,100,
39.9289,116.3883,
37.57,126.98,
60,-95,
37.5985,126.9783,
39.2952,-76.6231,
40.5525,-74.2915,
37.57,126.98,
37.5985,126.9783,
28.0381,-80.6115,
-39.8,-73.2333,
39.0335,-77.4838,
48.86,2.34999999999999,
37.57,126.98,
-10,-55,
-33.8615,151.2055,
39.9289,116.3883,
42.2734,-83.7133,
17.3753,78.4744,
46,25,
45.399,-75.7304,
-10,-55,
60,100,
-34.5875,-58.6725,
51.5,-0.129999999999995,
23.1167,113.25,
29.6997,-95.5858,
37.57,126.98,
41.8471,-87.6248,
29.6997,-95.5858,
42.2734,-83.7133,
39.9289,116.3883,
51.5142,-0.093099999999993,
39.0437,-77.4875,
42.2734,-83.7133,
43,25,
60,100,
37.57,126.98,
37.57,126.98,
35.8703,128.5911,
42.2734,-83.7133,
42.2734,-83.7133,
37.57,126.98,
62,10,
37.57,126.98,
37.57,126.98,
37.57,126.98,
37.57,126.98,
37.5985,126.9783,
38,-97,
37.5985,126.9783,
42.3646,-71.1028,
35.7167,140.65,
52.5931,19.0894,
37.57,126.98,
29.6997,-95.5858,
37.57,126.98,
35,105,
-30,-71,
35.69,139.69,
42.3646,-71.1028,
38,-97,
18.975,72.8258,
59.3,17.9667,
60,-95,
46.0553,14.5144,
-39.8,-73.2333,
39.0437,-77.4875,
35.69,139.69,
37.57,126.98,
43,25,
51,9,
-34.1045,18.4683,
29.6997,-95.5858,
48.86,2.34999999999999,
37.57,126.98,
37.3721,-121.8643,
45.399,-75.7304,
37.57,126.98,
37.9833,23.7333,
38,-97,
34.6836,113.5325,
51,9,
55.7522,37.6156,
37.57,126.98,
37.57,126.98,
49,32,
40.2865,-75.2952,
34.9104,-82.123,
47.5407,-122.2712,
37.57,126.98,
37.5985,126.9783,
29.6997,-95.5858,
37.57,126.98,
37.57,126.98,
-27,133,
-34.1045,18.4683,
35,105,
46.3926,-114.2617,
5.64699999999999,100.4877,
37.57,126.98,
37.57,126.98,
37.57,126.98,
24.1433,120.6814,
37.57,126.98,
42.2734,-83.7133,
41.6063,-84.6322,
38,-97,
37.57,126.98,
41.7922,123.4328,
37.57,126.98,
32.0617,118.7778,
42.2734,-83.7133,
37.57,126.98,
53.2521,34.3717,
22.2833,114.15,
39.9289,116.3883,
23.5,121,
38,-97,
-34.1045,18.4683,
-38.2167,145.0333,
-27,133,
22.2833,114.15,
37.57,126.98,
32.4907,119.9081,
38,-97,
46,25,
38,-97,
44.1443,-84.1708,
59.1833,18.15,
37.57,126.98,
43,25,
37.57,126.98,
38,-97,
40,-4,
35.9724,-84.2904,
51.3458,-2.96780000000001,
37.57,126.98,
37.57,126.98,
37.5985,126.9783,
32.8072,-117.1649,
37.57,126.98,
49,32,
41.2599,-73.2076,
38,-97,
37.57,126.98,
37.57,126.98,
29.6997,-95.5858,
-34.8581,-56.1708,
48,68,
46.4202,-97.6137,
37.57,126.98,
50.0833,14.4667,
60,-95,
41.409,-75.6624,
35,105,
49,32,
-25.7069,28.2294,
37.5985,126.9783,
41.1412,-73.2637,
41.8776,-87.6272,
37.57,126.98,
37.57,126.98,
-34.1045,18.4683,
43.55,-96.7003,
37.5985,126.9783,
45.4833,9.2833,
39.9289,116.3883,
37.57,126.98,
-10,-55,
51.5142,-0.093099999999993,
39.1422,117.1767,
-27,133,
37.57,126.98,
41.1271,-73.4416,
52.35,4.91669999999999,
37.57,126.98,
15,100,
37.57,126.98,
37.57,126.98,
38,-97,
51.8893,5.4426,
51,9,
40.7276,-73.6344,
39.9289,116.3883,
42.6284,-5.56440000000001,
37.57,126.98,
23.7231,90.4086,
37.57,126.98,
-34.1045,18.4683,
37.57,126.98,
51.5,-0.129999999999995,
45.6167,-73.75,
37.5985,126.9783,
-23.4733,-46.6658,
29.6997,-95.5858,
52.5,5.75,
37.57,126.98,
37.57,126.98,
37.57,126.98,
-34.5239,-58.7794,
45.6486,13.78,
37.57,126.98,
51.5,-0.129999999999995,
39.0126,-95.0294,
38,-97,
26.0614,119.3061,
39.9042,-86.2341,
37.57,126.98,
35.0757,-106.6406,
39.1588,-75.4941,
37.57,126.98,
37.57,126.98,
23.1167,113.25,
43.163,-88.0347,
37.57,126.98,
3.16669999999999,101.7,
29.6997,-95.5858,
37.4906,127.02,
42.2734,-83.7133,
37.57,126.98,
51,9,
37.57,126.98,
37.57,126.98,
38,-97,
39.9289,116.3883,
-39.8,-73.2333,
44.1667,-77.3833,
-41.3,174.7833,
37.57,126.98,
37.57,126.98,
21.4167,106.6,
40.1367,-79.4133,
37.57,126.98,
39.9289,116.3883,
43.88,125.3228,
51.5333,0.699999999999989,
60,-95,
33.596,-96.5454,
37.5985,126.9783,
-23.4132,-46.0377,
37.5985,126.9783,
39,22,
39.9289,116.3883,
25.0392,121.525,
20,77,
37.5985,126.9783,
53.4,9.44999999999999,
45.399,-75.7304,
38.1833,127.8167,
42.0219,-93.4351,
35.6928,139.4181,
51,9,
42.8333,12.8333,
40.6761,-74.573,
37.57,126.98,
35.69,139.69,
45.75,126.65,
49,32,
38,-97,
40.5525,-74.2915,
37.57,126.98,
32,53,
39.2951,-85.2107,
38,-97,
37.5985,126.9783,
37.57,126.98,
53,-8,
22.2833,114.15,
42.8333,12.8333,
45.399,-75.7304,
38.864,-77.1922,
21.0333,105.85,
36.6683,116.9972,
29.6997,-95.5858,
38,-97,
51.5,-0.129999999999995,
42.3646,-71.1028,
40.2181,-111.6133,
29.6997,-95.5858,
37.5985,126.9783,
51,9,
36.7114,-95.894,
37.57,126.98,
23.5,121,
48.0478,37.9258,
37.57,126.98,
37.57,126.98,
37.7697,-122.3933,
39,35,
37.57,126.98,
37.57,126.98,
37.5985,126.9783,
37.57,126.98,
42.2734,-83.7133,
37.57,126.98,
29.6997,-95.5858,
-34.1045,18.4683,
42.4594,-96.6171,
37.57,126.98,
37.57,126.98,
55.7522,37.6156,
43.0839,-106.3976,
5.36500000000001,100.5618,
60,100,
37.57,126.98,
37.57,126.98,
-34.5875,-58.6725,
41.1271,-73.4416,
37.5985,126.9783,
40,-4,
-34.1045,18.4683,
51,9,
41.1412,-73.2637,
37.57,126.98,
35.685,139.7514,
38,-97,
41.9,12.4833,
46,25,
37.57,126.98,
37.57,126.98,
25.0392,121.525,
29.6997,-95.5858,
-39.8,-73.2333,
-34.1045,18.4683,
19.4803,-155.2555,
35,105,
37.57,126.98,
23.1167,113.25,
29.6997,-95.5858,
37.57,126.98,
51.5,-0.129999999999995,
43.163,-88.0347,
60,100,
0,0,
-25.3167,-57.6,
40,-4,
37.57,126.98,
59.1167,18.1,
39,22,
42.2734,-83.7133,
40,-4,
56,10,
-10,-55,
39.9289,116.3883,
52.5,5.75,
23.5,121,
39.9355,-105.0473,
37.57,126.98,
38,-97,
45.399,-75.7304,
37.57,126.98,
37.57,126.98,
37.4386,127.1378,
37.57,126.98,
37.57,126.98,
35,105,
37.57,126.98,
-5,120,
37.3541,-121.9552,
37.57,126.98,
35.0757,-106.6406,
37.57,126.98,
-27,133,
37.57,126.98,
37.57,126.98,
37.57,126.98,
48.86,2.34999999999999,
37.57,126.98,
35.8703,128.5911,
51.5,-0.129999999999995,
42.2734,-83.7133,
55.6667,12.5833,
41.3274,-104.6664,
39.4899,-74.4773,
29.6997,-95.5858,
37.57,126.98,
39.3863,-119.8729,
36.6683,116.9972,
37.57,126.98,
37.57,126.98,
41.7922,123.4328,
60,100,
52.0833,-1.9333,
40.6171,-73.8243,
35.0522,-92.5044,
43.0676,-94.2232,
47,8,
32.0617,118.7778,
37.57,126.98,
49,32,
37.5985,126.9783,
51,9,
37.57,126.98,
19.43,-99.13,
29.6997,-95.5858,
42.3646,-71.1028,
37.5985,126.9783,
37.57,126.98,
37.57,126.98,
28.1792,113.1136,
37.3762,-122.1826,
37.57,126.98,
37.57,126.98,
37.5985,126.9783,
28.0381,-80.6115,
52.5,5.75,
37.57,126.98,
36.6683,116.9972,
51,9,
37.57,126.98,
37.57,126.98,
23.7231,90.4086,
37.57,126.98,
29.6997,-95.5858,
37.57,126.98,
37.57,126.98,
52.2,0.116700000000009,
37.57,126.98,
37.57,126.98,
-34.1045,18.4683,
-29,24,
39.9289,116.3883,
38,-97,
52.6031,39.5708,
39.5645,-75.597,
37.57,126.98,
39.9289,116.3883,
-10,-55,
34.9104,-82.123,
38,-97,
25.0392,121.525,
29.6997,-95.5858,
37.5985,126.9783,
37.57,126.98,
51,9,
49,32,
37.57,126.98,
29.6997,-95.5858,
34.9104,-82.123,
46,25,
37.57,126.98,
37.57,126.98,
32.8148,-96.8705,
53.1333,7.98330000000001,
36.0312,-115.0739,
37.5985,126.9783,
38,-97,
51.5,-0.129999999999995,
37.7697,-122.3933,
-34.1045,18.4683,
29.6997,-95.5858,
29.6997,-95.5858,
49,32,
36.1554,-95.9939,
-10,-55,
26.2034,-98.23,
49,32,
31.5,34.75,
41.1412,-73.2637,
50.8333,4,
37.57,126.98,
41.8824,-87.6376,
37.57,126.98,
37.57,126.98,
37.57,126.98,
-34.1045,18.4683,
37.57,126.98,
47,8,
37.57,126.98,
51,9,
-27,133,
35.8703,128.5911,
37.3721,-121.8643,
37.57,126.98,
39.1923,-86.0207,
38,-97,
42.2734,-83.7133,
37.57,126.98,
39.9289,116.3883,
37.57,126.98,
37.5985,126.9783,
35.1928,128.0847,
60.3833,23.1333,
49,32,
37.57,126.98,
52.1724,4.45910000000001,
37.57,126.98,
37.57,126.98,
42.3646,-71.1028,
42.0156,121.6589,
51,9,
35,105,
49.75,15.5,
55.0415,82.9346,
37.5985,126.9783,
42.2734,-83.7133,
37.7697,-122.3933,
37.57,126.98,
39.0335,-77.4838,
18.975,72.8258,
22.25,114.1667,
35.69,139.69,
37.57,126.98,
-27,133,
35,105,
35,105,
36.6167,101.7667,
51,9,
47.6319,-122.2968,
37.57,126.98,
39.1588,-75.4941,
38,-97,
39.9289,116.3883,
38,-97,
35.685,139.7514,
59.3333,18.05,
-39.8,-73.2333,
45.75,126.65,
37.5985,126.9783,
37.57,126.98,
39.0012,-76.9317,
51.5,-0.129999999999995,
37.57,126.98,
34.0533,-118.2549,
60,100,
37.57,126.98,
45.8461,15.4222,
33.8263,-117.9106,
-34.6562,-58.759,
14.1,-87.2167,
37.57,126.98,
37.57,126.98,
40.0548,-75.4083,
37.57,126.98,
37.57,126.98,
38,-97,
25.0392,121.525,
37.5985,126.9783,
-39.8,-73.2333,
45.399,-75.7304,
37.57,126.98,
47.6319,-122.2968,
37.57,126.98,
35.69,139.69,
51.5,-0.129999999999995,
47,8,
47.547,9.29839999999999,
51.9167,-0.216700000000003,
20,77,
37.3721,-121.8643,
24.1433,120.6814,
37.57,126.98,
37.57,126.98,
37.5985,126.9783,
37.57,126.98,
35.685,139.7514,
37.57,126.98,
37.57,126.98,
1.36670000000001,103.8,
37.57,126.98,
51.5,-0.129999999999995,
43,25,
41.6005,-93.6091,
22.5333,114.1333,
37.5985,126.9783,
37.57,126.98,
30.4,-97.7528,
45.399,-75.7304,
37.57,126.98,
37.57,126.98,
37.57,126.98,
51,9,
37.57,126.98,
37.5985,126.9783,
49,32,
-10,-55,
37.57,126.98,
-39.8,-73.2333,
38.864,-77.1922,
42.2734,-83.7133,
46,25,
39.5,-8,
42.2734,-83.7133,
60,-95,
37.5985,126.9783,
29.6997,-95.5858,
37.57,126.98,
39.746,-75.5466,
-10,-55,
40.8167,14.1167,
37.57,126.98,
49,32,
25.0392,121.525,
37.5985,126.9783,
30.2143,-90.9402,
35.69,139.69,
45.399,-75.7304,
38,-97,
37.57,126.98,
37.57,126.98,
37.57,126.98,
47.6319,-122.2968,
35,105,
42.2109,-95.3041,
-27.4833,153.0417,
37.57,126.98,
39.5645,-75.597,
49,32,
42,21.4333,
42.2734,-83.7133,
42.3646,-71.1028,
39.5645,-75.597,
37.57,126.98,
35.9293,-85.7794,
37.57,126.98,
29.4889,-98.3987,
29.6997,-95.5858,
37.57,126.98,
37.57,126.98,
35.685,139.7514,
37.57,126.98,
37.57,126.98,
55.7522,37.6156,
26.0681,-80.2766,
42.2734,-83.7133,
23.5,121,
42.3646,-71.1028,
37.57,126.98,
53,-8,
-27,133,
49.75,15.5,
29.6997,-95.5858,
38,-97,
-29.7,-51.25,
42.8333,12.8333,
1.55000000000001,110.3333,
37.57,126.98,
39.9068,-74.9966,
58.1981,68.2546,
37.57,126.98,
51.5,-0.129999999999995,
42.2734,-83.7133,
62,10,
37.57,126.98,
37.5985,126.9783,
-34.1045,18.4683,
49.2816,-123.1247,
37.57,126.98,
31.0456,121.3997,
37.57,126.98,
37.57,126.98,
40.7584,-73.9794,
37.57,126.98,
42.8333,12.8333,
39.1068,-94.566,
60,100,
51.5,-0.129999999999995,
35.69,139.69,
37.57,126.98,
37.57,126.98,
-29,24,
37.57,126.98,
37.57,126.98,
37.57,126.98,
37.57,126.98,
37.57,126.98,
35.69,139.69,
35.69,139.69,
47.6801,-122.1206,
22.2833,114.15,
25.0392,121.525,
52.5,5.75,
48.86,2.34999999999999,
39.9289,116.3883,
38,-97,
29.6997,-95.5858,
22.6333,120.35,
41.5703,120.4586,
37.57,126.98,
29.6997,-95.5858,
48.86,2.34999999999999,
37.5985,126.9783,
42.2734,-83.7133,
60,100,
59.9167,10.75,
52.4833,-2.11670000000001,
45.399,-75.7304,
51,9,
33.1846,-84.9076,
37.57,126.98,
35.9781,-115.2117,
51.5,-0.129999999999995,
37.57,126.98,
35.69,139.69,
47.6476,-122.5364,
34.2868,-118.614,
37.57,126.98,
42.2734,-83.7133,
37.5985,126.9783,
8.5983,-71.145,
42.2734,-83.7133,
37.57,126.98,
37.57,126.98,
29.6997,-95.5858,
35.69,139.69,
39.9881,-83.0444,
35.8703,128.5911,
35.685,139.7514,
38,-97,
37.57,126.98,
29.8782,121.5495,
42.2734,-83.7133,
51,9,
41.6565,-86.3473,
38.6143,-90.4444,
39.5645,-75.597,
38,-97,
33.8333,35.8333,
37.57,126.98,
37.0448,-122.1021,
51,9,
51.5,-0.129999999999995,
37.57,126.98,
37.5985,126.9783,
42.2734,-83.7133,
37.57,126.98,
-34.1045,18.4683,
50.3667,30.45,
29.6997,-95.5858,
-29,24,
38,-97,
48.7519,6.16919999999999,
47.6344,-122.3422,
37.57,126.98,
-34.1045,18.4683,
-34.1045,18.4683,
23.1167,113.25,
37.57,126.98,
37.57,126.98,
39.8161,109.9776,
43.7797,-79.4156,
22.5333,114.1333,
-38.7333,-72.6,
1.29310000000001,103.8558,
42.2734,-83.7133,
42.7305,-71.4958,
29.6997,-95.5858,
51.5142,-0.093099999999993,
65.5333,72.5167,
41.7768,-88.4604,
37.57,126.98,
37.57,126.98,
-34.1045,18.4683,
37.57,126.98,
37.57,126.98,
45.3218,-122.5231,
37.57,126.98,
38.0089,115.5481,
37.57,126.98,
37.57,126.98,
37.57,126.98,
37.3762,-122.1826,
-27,133,
53,28,
37.57,126.98,
37.57,126.98,
51.5,-0.129999999999995,
51.1927,5.98840000000001,
35.69,139.69,
51,9,
47.6319,-122.2968,
39,22,
51.5,-0.129999999999995,
24.1433,120.6814,
51,9,
45.75,126.65,
37.57,126.98,
41.1271,-73.4416,
37.57,126.98,
37.57,126.98,
37.5985,126.9783,
34.2007,-102.7439,
43.4836,-124.1633,
35.69,139.69,
42.3458,-71.5506,
37.57,126.98,
49.1333,-122.3,
-34.1045,18.4683,
38,-97,
37.57,126.98,
37.57,126.98,
-33.295,-66.3356,
37.5985,126.9783,
31.0456,121.3997,
37.5985,126.9783,
24.1433,120.6814,
-25.7259,28.3137,
39.0335,-77.4838,
37.57,126.98,
44.858,-93.5588,
42.8333,12.8333,
37.57,126.98,
-34.1045,18.4683,
37.57,126.98,
37.57,126.98,
35.685,139.7514,
22.5333,114.1333,
43,25,
29.6997,-95.5858,
37.57,126.98,
37.57,126.98,
37.57,126.98,
35,105,
49.75,15.5,
51,9,
-34.8581,-56.1708,
37.57,126.98,
51.5,-0.129999999999995,
21.0333,105.85,
37.57,126.98,
37.3338,-121.8915,
51.1833,7.08330000000001,
39.9289,116.3883,
47,8,
37.57,126.98,
29.6997,-95.5858,
39,22,
38.9234,-121.0705,
52.4667,-1.91669999999999,
40.7421,-74.0018,
37.57,126.98,
37.57,126.98,
39.0335,-77.4838,
38,-97,
37.57,126.98,
55,73.4,
51,9,
41.7922,123.4328,
37.57,126.98,
37.5985,126.9783,
42.2734,-83.7133,
38,-97,
-10,-55,
37.57,126.98,
34.6836,113.5325,
37.57,126.98,
19.8333,105.25,
51.5,-0.129999999999995,
36.0986,120.3719,
37.57,126.98,
29.6997,-95.5858,
37.5155,-121.8962,
46,15,
43.097,-93.616,
45.0448,38.976,
60,100,
37.57,126.98,
42.7526,-73.7804,
42.2734,-83.7133,
-34.1045,18.4683,
37.0015,-86.9575,
37.9833,23.7333,
40.5525,-74.2915,
39.9289,116.3883,
37.5985,126.9783,
48.86,2.34999999999999,
37.57,126.98,
52.5,5.75,
37.57,126.98,
43.1005,-77.426,
38,-97,
51,9,
38,-97,
37.5985,126.9783,
39.9289,116.3883,
37.57,126.98,
37.57,126.98,
44,18,
37.425,-121.946,
49,32,
29.6997,-95.5858,
45.399,-75.7304,
37.57,126.98,
34.6685,-86.5576,
37.57,126.98,
37.57,126.98,
37.57,126.98,
37.57,126.98,
35.69,139.69,
20,77,
55.7522,37.6156,
37.57,126.98,
41.4324,-73.7167,
20,77,
35,105,
60,100,
51,9,
37.57,126.98,
38,-97,
46.7671,-113.9762,
37.5985,126.9783,
39.9289,116.3883,
39.13,-94.5234,
25.0392,121.525,
-30,-71,
31.8639,117.2808,
-34.1045,18.4683,
35,105,
-34.1045,18.4683,
37.5985,126.9783,
60.2167,24.6667,
37.57,126.98,
22.25,114.1667,
37.57,126.98,
41.1271,-73.4416,
37.57,126.98,
38,-97,
22.25,114.1667,
39.7525,-104.9995,
41.1412,-73.2637,
-25.7259,28.3137,
30.5801,114.2734,
36.1659,-86.7844,
37.57,126.98,
35.8703,128.5911,
37.57,126.98,
23.5,121,
37.57,126.98,
40.6888,-74.0203,
38,-97,
42.7305,-71.4958,
29.6997,-95.5858,
37.57,126.98,
37.5985,126.9783,
45.399,-75.7304,
31.5,34.75,
35,105,
34,9,
37.57,126.98,
37.57,126.98,
48.86,2.34999999999999,
42.6833,23.3167,
-29,24,
-34.1045,18.4683,
37.57,126.98,
40.7276,-73.6344,
37.57,126.98,
35.69,139.69,
39.1588,-75.4941,
42.2734,-83.7133,
39.5,-8,
39.5645,-75.597,
51.5,-0.129999999999995,
46.4639,30.7386,
46.2297,-72.6135,
34.9104,-82.123,
-29,24,
37.5985,126.9783,
37.57,126.98,
60,100,
41.8745,-87.6503,
51,9,
37.57,126.98,
34.6864,135.52,
58.5167,31.2833,
37.57,126.98,
52,20,
37.57,126.98,
37.57,126.98,
37.5985,126.9783,
42.9864,-78.7279,
37.57,126.98,
37.57,126.98,
37.57,126.98,
37.57,126.98,
56.4977,84.9744,
34.1965,-118.8188,
45.1,10.15,
51.5,-0.129999999999995,
29.6997,-95.5858,
52.5,5.75,
-34.1045,18.4683,
51.5,-0.129999999999995,
37.57,126.98,
-34.1045,18.4683,
37.57,126.98,
37.57,126.98,
37.5985,126.9783,
60,100,
29.6997,-95.5858,
33.8333,35.8333,
37.57,126.98,
33.0812,-96.8133,
30.6667,104.0667,
37.8668,-122.2536,
29.6997,-95.5858,
45.399,-75.7304,
32.0617,118.7778,
33.0975,-80.1753,
37.5985,126.9783,
-34.5309,-58.5201,
14.1,-87.2167,
46.2297,-72.6135,
-10,-55,
-34.1045,18.4683,
39.9289,116.3883,
37.57,126.98,
37.425,-121.946,
37.57,126.98,
-34.1045,18.4683,
29.6997,-95.5858,
37.57,126.98,
51,9,
37.57,126.98,
38.2444,21.7344,
37.57,126.98,
42.5065,-83.3491,
37.57,126.98,
38,-97,
35,105,
41.2628,-96.1164,
37.57,126.98,
22.5333,114.1333,
48.4827,135.0838,
48.86,2.34999999999999,
39.5645,-75.597,
35,105,
37.5985,126.9783,
37.5985,126.9783,
20.8561,106.6822,
38,-97,
38.4783,-107.8762,
38,-97,
37.57,126.98,
29.4889,-98.3987,
60,100,
48.86,2.34999999999999,
33.9681,-84.2304,
37.5985,126.9783,
35.69,139.69,
32.0617,118.7778,
42.2734,-83.7133,
37.57,126.98,
22.25,114.1667,
37.57,126.98,
37.57,126.98,
37.57,126.98,
29.4889,-98.3987,
32.2528,-80.8895,
41.1271,-73.4416,
29.6997,-95.5858,
39.5645,-75.597,
28.0381,-80.6115,
29.6997,-95.5858,
-41,174,
-6.17439999999999,106.8294,
23.1167,113.25,
33.6748,-111.9519,
37.57,126.98,
16,106,
42.2734,-83.7133,
37.57,126.98,
51,9,
37.57,126.98,
41.1412,-73.2637,
40,-4,
21.0333,105.85,
29.6997,-95.5858,
37.5985,126.9783,
37.57,126.98,
33.4484,-112.074,
40,-4,
37.5985,126.9783,
37.57,126.98,
28.1792,113.1136,
42.2734,-83.7133,
37.8091,-122.2702,
37.57,126.98,
29.6997,-95.5858,
37.57,126.98,
37.57,126.98,
42.2734,-83.7133,
47.6319,-122.2968,
60,100,
37.57,126.98,
38,-97,
35.8355,51.0103,
23.5,121,
41.1412,-73.2637,
29.3697,47.9783,
37.57,126.98,
60,-95,
37.57,126.98,
29.6997,-95.5858,
-27,133,
28.6667,77.2167,
51.9667,20.15,
52.5667,-1.55000000000001,
37.57,126.98,
42.0156,121.6589,
39.9289,116.3883,
47.6319,-122.2968,
-10,-55,
37.5985,126.9783,
34.6836,113.5325,
42.8333,12.8333,
39.9289,116.3883,
38,-97,
38,-97,
39.5645,-75.597,
37.7697,-122.3933,
38,-97,
42.2734,-83.7133,
35,105,
29.6997,-95.5858,
38,-97,
-34.1045,18.4683,
-39.8,-73.2333,
36.6683,116.9972,
51.9167,4.5,
29.6997,-95.5858,
52,20,
45.399,-75.7304,
37.57,126.98,
49,32,
52.5,5.75,
51.5,-0.129999999999995,
39.5645,-75.597,
-34.1045,18.4683,
39.9289,116.3883,
35,105,
-34.1045,18.4683,
39.5645,-75.597,
45.4443,-122.9663,
52.5,5.75,
37.57,126.98,
37.57,126.98,
37.57,126.98,
-10,-55,
29.6997,-95.5858,
-10,-55,
37.425,-121.946,
0,0,
-27,133,
37.4906,127.02,
29.6997,-95.5858,
37.57,126.98,
35,105,
39.9042,-86.2341,
37.425,-121.946,
-23.4733,-46.6658,
37.57,126.98,
37.3762,-122.1826,
37.57,126.98,
52.0333,-0.699999999999989,
37.5985,126.9783,
-0.216700000000003,-78.5,
39.9289,116.3883,
37.7133,-88.3687,
47,20,
35,105,
-27,133,
37.1791,-80.3515,
40.7,14.7,
-10,-55,
23.5,121,
37.57,126.98,
37.5985,126.9783,
42.6644,-83.2303,
36.297,59.6062,
37.57,126.98,
39.5645,-75.597,
35.69,139.69,
37.57,126.98,
52.4481,17.0856,
37.57,126.98,
42.2734,-83.7133,
-10,-55,
37.57,126.98,
52.1351,4.6549,
37.57,126.98,
60,100,
49.75,15.5,
37.57,126.98,
37.57,126.98,
37.5985,126.9783,
37.5985,126.9783,
46,15,
26.3033,-80.2276,
21.0333,105.85,
38,-97,
29.6997,-95.5858,
-34.1045,18.4683,
49.75,15.5,
38.2498,48.2933,
37.57,126.98,
39.5645,-75.597,
37.57,126.98,
29.6997,-95.5858,
42.2734,-83.7133,
35,105,
35,105,
37.3961,-121.9617,
42.8333,12.8333,
29.6997,-95.5858,
37.57,126.98,
37.57,126.98,
37.57,126.98,
27.702,-97.3424,
37.57,126.98,
-10,-55,
29.6997,-95.5858,
37.57,126.98,
29.6997,-95.5858,
37.57,126.98,
37.57,126.98,
46,25,
41.1271,-73.4416,
48.86,2.34999999999999,
39.5645,-75.597,
40.1741,-74.8453,
37.57,126.98,
37.57,126.98,
41.85,-87.65,
48.86,2.34999999999999,
37.57,126.98,
37.5985,126.9783,
36.3134,-82.3535,
38,-97,
41.1271,-73.4416,
48.86,2.34999999999999,
37.5985,126.9783,
29.6997,-95.5858,
24.4798,118.0819,
37.57,126.98,
35,105,
-30.9546,-58.7833,
51,9,
37.57,126.98,
30.6667,104.0667,
37.5985,126.9783,
37.57,126.98,
46,25,
37.57,126.98,
37.57,126.98,
35.8703,128.5911,
34.9104,-82.123,
38,-97,
31.0456,121.3997,
37.57,126.98,
37.57,126.98,
42.2734,-83.7133,
40.4413,-80.1064,
45.399,-75.7304,
38,-97,
-34.1045,18.4683,
36.2001,-86.5186,
42.2734,-83.7133,
37.57,126.98,
-10,-55,
41.1412,-73.2637,
37.57,126.98,
37.57,126.98,
51.5,-0.129999999999995,
51.5,-0.129999999999995,
47.9065,-102.1473,
37.57,126.98,
40.3357,-75.9269,
37.57,126.98,
42.2734,-83.7133,
37.5985,126.9783,
-34.1045,18.4683,
25.0392,121.525,
55.881,12.5011,
41.1271,-73.4416,
33.9777,-118.4351,
29.6997,-95.5858,
29.6997,-95.5858,
39.9289,116.3883,
38,-97,
56,10,
37.57,126.98,
39.5267,-119.8129,
45.399,-75.7304,
52.5,5.75,
37.57,126.98,
43.234,-94.737,
-10,-55,
41.3274,-104.6664,
55.7522,37.6156,
23.5,121,
56,24,
29.6997,-95.5858,
37.57,126.98,
48.86,2.34999999999999,
36.6683,116.9972,
51,9,
22.2833,114.15,
34.0438,-118.2512,
37.57,126.98,
29.6997,-95.5858,
29.6997,-95.5858,
56,10,
62,10,
40,-4,
37.5985,126.9783,
13.754,100.5014,
37.57,126.98,
42.2211,-71.1985,
42.8333,12.8333,
41.8529,-71.4723,
47,8,
37.57,126.98,
37.57,126.98,
51.8833,-0.416699999999992,
37.57,126.98,
49,32,
42.2734,-83.7133,
37.5985,126.9783,
-34.1045,18.4683,
39.9355,-105.0473,
49,32,
29.6997,-95.5858,
37.57,126.98,
38,-97,
37.57,126.98,
41,20,
4.64920000000001,-74.0628,
37.57,126.98,
40,-4,
50.8333,4,
42.2734,-83.7133,
39.9289,116.3883,
37.57,126.98,
42,43.5,
51.5142,-0.093099999999993,
37.57,126.98,
40.4026,-90.7776,
29.6997,-95.5858,
37.57,126.98,
39.9289,116.3883,
37.57,126.98,
37.7269,112.4708,
37.57,126.98,
56.05,12.7,
20,77,
45.4167,-73.6667,
29.6997,-95.5858,
-34.8581,-56.1708,
42.2734,-83.7133,
39.1588,-75.4941,
59.8944,30.2642,
53.6202,10.6773,
49,32,
29.6997,-95.5858,
24.1433,120.6814,
49,32,
60,100,
37.57,126.98,
-34.5239,-58.7794,
37.57,126.98,
35.0757,-106.6406,
37.5985,126.9783,
29.6997,-95.5858,
42.2734,-83.7133,
45.399,-75.7304,
42.9864,-78.7279,
38,-97,
37.5985,126.9783,
37.57,126.98,
36.6683,116.9972,
37.57,126.98,
35.69,139.69,
35.69,139.69,
29.6997,-95.5858,
26.0614,119.3061,
34.5645,-92.5868,
37.57,126.98,
21.4167,106.6,
21.0333,105.85,
-25.7259,28.3137,
45.399,-75.7304,
37.57,126.98,
48.86,2.34999999999999,
51.5,-0.129999999999995,
39.1588,-75.4941,
50.85,4.83330000000001,
-10,-55,
38,-97,
37.57,126.98,
37.7735,-122.2788,
29.6997,-95.5858,
-10,-55,
37.57,126.98,
42.2734,-83.7133,
51.5,-0.129999999999995,
37.57,126.98,
37.57,126.98,
39.9289,116.3883,
35.1928,128.0847,
37.57,126.98,
37.5985,126.9783,
37.57,126.98,
42.7305,-71.4958,
48.15,11.5833,
33.4484,-112.074,
45.399,-75.7304,
37.57,126.98,
39.7795,-86.1328,
41.0333,14.4833,
37.57,126.98,
19.4342,-99.1386,
-10,-55,
32.43,-97.1929,
43.5139,16.4558,
39,22,
-27,133,
40.5525,-74.2915,
39.9289,116.3883,
38,-97,
35.69,139.69,
37.57,126.98,
43.2609,-2.93879999999999,
35.685,139.7514,
32,35.25,
42.2734,-83.7133,
39.5645,-75.597,
51,9,
37.57,126.98,
37.57,126.98,
37.5985,126.9783,
37.57,126.98,
30.6667,104.0667,
39.9289,116.3883,
-38.2167,145.0333,
29.6997,-95.5858,
53.1835,50.1182,
39.9289,116.3883,
29.6997,-95.5858,
37.57,126.98,
37.57,126.98,
37.57,126.98,
39.9289,116.3883,
37.57,126.98,
35.685,139.7514,
37.5985,126.9783,
35.685,139.7514,
25,45,
18.4333,105.75,
38,-97,
51.5,-0.129999999999995,
29.6997,-95.5858,
-5,120,
29.6997,-95.5858,
42.3646,-71.1028,
23.1167,113.25,
42.6,23.0333,
43,25,
-34.1045,18.4683,
41.1412,-73.2637,
37.57,126.98,
44.5888,33.5224,
29.6997,-95.5858,
40,-4,
35.685,139.7514,
42.2734,-83.7133,
39.0437,-77.4875,
37.57,126.98,
52.5,5.75,
37.57,126.98,
40.5525,-74.2915,
42.3914,-122.9367,
39.7795,-86.1328,
40.5525,-74.2915,
24.1433,120.6814,
35.69,139.69,
38,-97,
42.8333,12.8333,
37.57,126.98,
42.3646,-71.1028,
62,10,
35.69,139.69,
29.6997,-95.5858,
37.57,126.98,
37.57,126.98,
41.1412,-73.2637,
39.9289,116.3883,
37.57,126.98,
37.57,126.98,
41.878,-88.0163,
37.57,126.98,
37.57,126.98,
40.5525,-74.2915,
60,100,
49,32,
46.5172,-112.1211,
37.5985,126.9783,
37.57,126.98,
37.57,126.98,
37.57,126.98,
57.7167,11.9667,
35.685,139.7514,
41.0824,-81.5174,
37.57,126.98,
43.4666,-112.0341,
42.2734,-83.7133,
52,20,
39.9289,116.3883,
37.57,126.98,
37.57,126.98,
37.57,126.98,
42.3646,-71.1028,
40.2181,-111.6133,
37.5985,126.9783,
48.86,2.34999999999999,
-27.4833,153,
37.57,126.98,
35,105,
39,22,
42.3646,-71.1028,
45.399,-75.7304,
25.0392,121.525,
49,32,
-10,-55,
25.0392,121.525,
52.5,5.75,
29.6997,-95.5858,
37.57,126.98,
22.25,114.1667,
41.7922,123.4328,
-19.9167,-43.9333,
-39.8,-73.2333,
29.6997,-95.5858,
37.57,126.98,
62,15,
39.746,-75.5466,
24.1433,120.6814,
37.57,126.98,
39.9289,116.3883,
35,105,
39.1588,-75.4941,
37.57,126.98,
39,22,
-27,133,
24.1433,120.6814,
37.57,126.98,
37.57,126.98,
-34.1045,18.4683,
37.57,126.98,
60,100,
18.975,72.8258,
37.57,126.98,
39.9289,116.3883,
37.57,126.98,
38,-97,
40.5525,-74.2915,
29.6997,-95.5858,
37.57,126.98,
35.685,139.7514,
-34.1045,18.4683,
42.2734,-83.7133,
34.7061,-77.2297,
37.57,126.98,
42.8333,12.8333,
37.57,126.98,
37.57,126.98,
47.6344,-122.3422,
37.57,126.98,
42.2734,-83.7133,
16,106,
37.57,126.98,
21.0333,105.85,
37.57,126.98,
35.685,139.7514,
37.57,126.98,
40.5525,-74.2915,
37.57,126.98,
42.2734,-83.7133,
39.452,-86.4673,
43.88,125.3228,
37.57,126.98,
46.55,11.7667,
37.57,126.98,
37.57,126.98,
37.57,126.98,
29.6997,-95.5858,
39.9289,116.3883,
37.57,126.98,
37.57,126.98,
-10,-55,
37.57,126.98,
38.1716,-112.2705,
38,-97,
37.57,126.98,
37.57,126.98,
42.2734,-83.7133,
37.5985,126.9783,
20.8167,105.9333,
-10,-55,
39,22,
49.0111,8.36009999999999,
38,-97,
37.57,126.98,
37.5985,126.9783,
29.6997,-95.5858,
47.5839,-122.2995,
37.57,126.98,
39.0335,-77.4838,
45.399,-75.7304,
49,32,
24.1433,120.6814,
39.9289,116.3883,
37.57,126.98,
-34.1045,18.4683,
35.69,139.69,
38,-97,
38,-97,
38,-97,
37.57,126.98,
24.1433,120.6814,
60,100,
42.3646,-71.1028,
42.2734,-83.7133,
51.5,-0.129999999999995,
47,29,
37.57,126.98,
38,-97,
49,32,
37.57,126.98,
44.7916,-87.467,
37.57,126.98,
40.5525,-74.2915,
40.2181,-111.6133,
35.69,139.69,
25.0392,121.525,
30.4295,-97.8419,
-25.7259,28.3137,
42.2734,-83.7133,
42.2734,-83.7133,
37.4906,127.02,
47,20,
37.57,126.98,
37.57,126.98,
37.57,126.98,
37.57,126.98,
41.1412,-73.2637,
37.57,126.98,
37.57,126.98,
38,-97,
35.69,139.69,
-34.1045,18.4683,
44,21,
29.6997,-95.5858,
-10,-55,
-39.8,-73.2333,
37.57,126.98,
37.57,126.98,
37.57,126.98,
41.1271,-73.4416,
37.57,126.98,
37.57,126.98,
37.57,126.98,
13.7086,-89.2031,
41.6565,-86.3473,
42.2734,-83.7133,
37.57,126.98,
49.75,15.5,
52.5,5.75,
37.5985,126.9783,
35.685,139.7514,
44.4333,26.1,
37.57,126.98,
51.5,-0.129999999999995,
40.2181,-111.6133,
37.5985,126.9783,
37.4906,127.02,
29.6997,-95.5858,
37.57,126.98,
37.57,126.98,
38,-97,
38.6143,-90.4444,
55.816,12.5385,
37.57,126.98,
20,77,
37.57,126.98,
37.57,126.98,
-34.1045,18.4683,
37.57,126.98,
37.5985,126.9783,
42.2734,-83.7133,
35.8703,128.5911,
47,8,
30.2936,120.1614,
41.1412,-73.2637,
38,-97,
47.6319,-122.2968,
37.57,126.98,
35,33,
37.57,126.98,
37.57,126.98,
-33.45,-70.6667,
37.5985,126.9783,
37.57,126.98,
34.0438,-118.2512,
37.323,-122.0322,
37.57,126.98,
37.57,126.98,
37.57,126.98,
42.2734,-83.7133,
37.57,126.98,
52.5167,13.4,
37.57,126.98,
42.2734,-83.7133,
37.57,126.98,
42.3496,-71.0746,
37.57,126.98,
37.57,126.98,
44.8639,-93.6855,
40,-4,
37.57,126.98,
52.5,5.75,
-34.1045,18.4683,
42.8333,12.8333,
37.57,126.98,
37.57,126.98,
20,77,
39,22,
37.57,126.98,
60,-95,
41.1412,-73.2637,
34.2583,108.9286,
29.6997,-95.5858,
-39.8,-73.2333,
37.57,126.98,
25.7631,-80.1911,
-27,133,
35,105,
37.57,126.98,
37.57,126.98,
37.57,126.98,
37.57,126.98,
45.2667,11,
42.2734,-83.7133,
29.6997,-95.5858,
35,105,
37.57,126.98,
23.5,121,
40.7391,-73.9826,
37.57,126.98,
37.57,126.98,
51.5,-0.129999999999995,
50.0833,14.4667,
-36.8667,174.7667,
-10,-55,
18.7904,98.9847,
52.5,5.75,
60,100,
37.57,126.98,
37.57,126.98,
37.57,126.98,
37.57,126.98,
37.57,126.98,
37.57,126.98,
37.57,126.98,
42.6148,-83.4469,
37.5985,126.9783,
38,-97,
49,32,
40.8445,-73.6425,
31.78,35.23,
37.57,126.98,
37.57,126.98,
38,-97,
2.5,112.5,
56,10,
37.57,126.98,
35.685,139.7514,
35.69,139.69,
37.5985,126.9783,
37.57,126.98,
47,20,
30.2312,-97.717,
39.9289,116.3883,
40.6522,109.8222,
57.7167,11.9667,
-10,-55,
37.5985,126.9783,
51.5,-0.129999999999995,
33.994,-96.3708,
23.5,121,
-10,-55,
23.1167,113.25,
22.25,114.1667,
51.5142,-0.093099999999993,
41.0186,28.9647,
35,105,
35.685,139.7514,
35.7167,140.2333,
29.6997,-95.5858,
37.57,126.98,
37.57,126.98,
43.7,10.6167,
42.8333,12.8333,
48.86,2.34999999999999,
51.5,-0.129999999999995,
37.57,126.98,
41.1412,-73.2637,
30.6744,-96.37,
37.57,126.98,
29.6997,-95.5858,
-39.8,-73.2333,
38,-97,
35,105,
48.86,2.34999999999999,
49.75,15.5,
52.5,5.75,
15,100,
41.1412,-73.2637,
51.5,-0.129999999999995,
16,106,
38,-97,
38.438,-122.6753,
-34.1045,18.4683,
43.097,-93.616,
-34.5309,-58.5201,
51.5,-0.129999999999995,
50.0611,17.0913,
55.7522,37.6156,
37.57,126.98,
32.2528,-110.8282,
29.6997,-95.5858,
60,100,
43.5469,-116.2913,
51.2139,-2.76920000000001,
37.57,126.98,
62,15,
-10,-55,
37.57,126.98,
42.2734,-83.7133,
42.2734,-83.7133,
51.5142,-0.093099999999993,
29.6997,-95.5858,
22.25,114.1667,
38,-97,
39.5645,-75.597,
36.1659,-86.7844,
29.6997,-95.5858,
37.7697,-122.3933,
33.1976,-96.6153,
37.5985,126.9783,
37.5985,126.9783,
42.2734,-83.7133,
39.9289,116.3883,
37.57,126.98,
29.6997,-95.5858,
51.5,-0.129999999999995,
37.57,126.98,
37.57,126.98,
40,-4,
37.57,126.98,
-41,174,
62,15,
42.2734,-83.7133,
37.57,126.98,
40.7421,-74.0018,
37.57,126.98,
4.64920000000001,-74.0628,
37.57,126.98,
38,-97,
37.57,126.98,
37.9539,-78.3584,
38,-97,
37.3824,-5.9761,
-34.1045,18.4683,
37.57,126.98,
38,-97,
42.8333,12.8333,
37.5985,126.9783,
55.6667,12.5833,
47.6801,-122.1206,
29.6997,-95.5858,
41.9403,25.5694,
37.5985,126.9783,
37.57,126.98,
32.8072,-117.1649,
37.57,126.98,
2.5,112.5,
58.3639,25.59,
40.7588,-73.968,
35.69,139.69,
-34.5875,-58.6725,
37.7697,-122.3933,
51.5,-0.129999999999995,
47.5839,-122.2995,
40.0989,-83.1615,
37.57,126.98,
-30,-71,
42.8333,12.8333,
38,-97,
37.57,126.98,
39,22,
41.1412,-73.2637,
-6.17439999999999,106.8294,
41.1412,-73.2637,
45.399,-75.7304,
-39.8,-73.2333,
37.57,126.98,
40,-4,
37.57,126.98,
37.57,126.98,
42.8333,12.8333,
37.57,126.98,
37.3762,-122.1826,
40.0989,-83.1615,
42.2734,-83.7133,
37.5985,126.9783,
35.685,139.7514,
37.57,126.98,
37.57,126.98,
37.57,126.98,
25.0392,121.525,
41.1412,-73.2637,
46,25,
37.57,126.98,
-10,-55,
37.57,126.98,
50.4333,30.5167,
37.57,126.98,
37.57,126.98,
39.5645,-75.597,
60,100,
45.4727,-75.5233,
26.5833,106.7167,
37.57,126.98,
41.6623,-71.0107,
37.57,126.98,
37.57,126.98,
37.57,126.98,
22.2833,114.15,
3.43719999999999,-76.5225,
35,105,
37.5985,126.9783,
45.399,-75.7304,
37.5985,126.9783,
60,100,
8,-66,
41.1271,-73.4416,
37.57,126.98,
35.8869,14.4025,
38,-97,
45.399,-75.7304,
37.57,126.98,
37.57,126.98,
37.57,126.98,
39.5645,-75.597,
37.57,126.98,
39,22,
35,105,
-38.9516,-68.0591,
29.6997,-95.5858,
37.57,126.98,
28,84,
37.57,126.98,
-34.5875,-58.6725,
35.8703,128.5911,
33.714,-117.87,
38,-97,
56,10,
41.9656,-71.3257,
55.7522,37.6156,
-34.1045,18.4683,
49.2816,-123.1247,
34.6685,-86.5576,
37.57,126.98,
42.2734,-83.7133,
-10,-55,
37.5985,126.9783,
25.0392,121.525,
33.6141,-101.9574,
37.57,126.98,
38,-97,
49,32,
